"NEQ_Entreprise","Taille_Entreprise","Secteur","Province","Type_Cybercrime","Nombre_Attaques"
9328597804,"Petite","Santé","Ontario","Attaque par déni de service",6
1541900194,"Moyenne","Éducation","Quebec","Vol de données personnelles",10
650614807,"Moyenne","Finance","Quebec","Vol de données personnelles",12
3829198474,"Petite","Technologie","Quebec","Attaque par rançongiciel",5
3904487684,"Grande","Finance","Quebec","Attaque par rançongiciel",21
7335226973,"Grande","Finance","Quebec","Attaque par déni de service",14
3085264190,"Moyenne","Éducation","Ontario","Attaque par rançongiciel",12
9609367526,"Grande","Santé","Quebec","Espionnage industriel",9
9590622401,"Petite","Santé","Quebec","Espionnage industriel",2
1769928830,"Petite","Santé","Ontario","Espionnage industriel",4
7536564678,"Moyenne","Technologie","Quebec","Espionnage industriel",9
7029524034,"Grande","Santé","Quebec","Espionnage industriel",14
6820011254,"Grande","Technologie","Quebec","Attaque par déni de service",13
863821218,"Moyenne","Technologie","Quebec","Vol de données personnelles",9
1391255184,"Grande","Santé","Quebec","Vol de données personnelles",15
7262969832,"Grande","Éducation","Ontario","Espionnage industriel",14
7922281310,"Grande","Technologie","Quebec","Espionnage industriel",14
8902547101,"Grande","Finance","Ontario","Vol de données personnelles",18
5498928461,"Moyenne","Finance","Ontario","Espionnage industriel",8
5104832801,"Moyenne","Éducation","Quebec","Vol de données personnelles",6
9778151316,"Petite","Technologie","Quebec","Attaque par déni de service",6
8722575673,"Moyenne","Finance","Quebec","Attaque par déni de service",11
6636988193,"Grande","Éducation","Quebec","Attaque par rançongiciel",12
5213520858,"Petite","Santé","Ontario","Espionnage industriel",4
6961112780,"Petite","Éducation","Ontario","Attaque par rançongiciel",3
6092924874,"Moyenne","Éducation","Quebec","Vol de données personnelles",12
494046494,"Moyenne","Éducation","Quebec","Espionnage industriel",14
3357802362,"Grande","Éducation","Ontario","Vol de données personnelles",16
2562708582,"Grande","Technologie","Quebec","Espionnage industriel",16
2610621885,"Moyenne","Éducation","Ontario","Attaque par rançongiciel",7
7770026425,"Grande","Finance","Quebec","Attaque par déni de service",13
2444325187,"Moyenne","Éducation","Quebec","Attaque par déni de service",15
8028985070,"Moyenne","Santé","Quebec","Espionnage industriel",8
7536539215,"Petite","Finance","Quebec","Attaque par déni de service",6
7720918889,"Grande","Santé","Quebec","Attaque par déni de service",13
8586845876,"Grande","Éducation","Ontario","Attaque par rançongiciel",16
3362189627,"Petite","Éducation","Quebec","Vol de données personnelles",8
8653277008,"Moyenne","Finance","Ontario","Attaque par rançongiciel",8
9549318012,"Moyenne","Technologie","Ontario","Attaque par déni de service",8
3445609102,"Petite","Finance","Ontario","Attaque par rançongiciel",7
4303256671,"Grande","Finance","Ontario","Espionnage industriel",14
4481042676,"Petite","Technologie","Quebec","Attaque par déni de service",9
657310037,"Petite","Santé","Ontario","Attaque par déni de service",5
2275140416,"Moyenne","Finance","Quebec","Vol de données personnelles",15
6500205571,"Petite","Finance","Quebec","Attaque par déni de service",10
4834318588,"Grande","Éducation","Ontario","Vol de données personnelles",15
1834137226,"Petite","Technologie","Ontario","Espionnage industriel",8
1402815228,"Moyenne","Technologie","Ontario","Attaque par déni de service",11
936707587,"Petite","Santé","Quebec","Vol de données personnelles",0
9236120956,"Moyenne","Finance","Quebec","Espionnage industriel",10
8782521154,"Petite","Technologie","Ontario","Vol de données personnelles",7
516070486,"Petite","Éducation","Quebec","Espionnage industriel",2
5545554107,"Petite","Éducation","Ontario","Espionnage industriel",0
544356922,"Petite","Éducation","Ontario","Espionnage industriel",10
3322753695,"Petite","Finance","Quebec","Attaque par rançongiciel",6
226973007,"Grande","Technologie","Ontario","Attaque par rançongiciel",15
5046839075,"Moyenne","Santé","Quebec","Attaque par rançongiciel",10
3510108235,"Petite","Éducation","Quebec","Attaque par déni de service",1
5158282576,"Moyenne","Finance","Quebec","Espionnage industriel",7
7216221748,"Grande","Santé","Quebec","Attaque par déni de service",18
2089408784,"Grande","Finance","Quebec","Attaque par déni de service",17
257386562,"Petite","Finance","Quebec","Attaque par rançongiciel",6
2484045879,"Petite","Finance","Quebec","Espionnage industriel",7
8515026361,"Petite","Éducation","Quebec","Attaque par déni de service",4
5552734286,"Grande","Santé","Ontario","Attaque par rançongiciel",15
3769303320,"Grande","Éducation","Quebec","Attaque par déni de service",15
4353836447,"Grande","Santé","Quebec","Espionnage industriel",19
9453822301,"Grande","Technologie","Quebec","Attaque par déni de service",14
9519781267,"Grande","Technologie","Quebec","Attaque par déni de service",17
7573419448,"Petite","Finance","Quebec","Attaque par déni de service",2
8545206091,"Moyenne","Technologie","Quebec","Espionnage industriel",6
3978848214,"Moyenne","Éducation","Quebec","Attaque par rançongiciel",10
3808790096,"Petite","Finance","Ontario","Attaque par rançongiciel",3
151961861,"Petite","Santé","Quebec","Attaque par déni de service",6
9896584470,"Grande","Technologie","Quebec","Attaque par déni de service",16
654579032,"Grande","Technologie","Ontario","Espionnage industriel",11
246765283,"Petite","Technologie","Quebec","Vol de données personnelles",2
3426850638,"Grande","Éducation","Quebec","Attaque par déni de service",15
8934822160,"Moyenne","Technologie","Ontario","Attaque par rançongiciel",5
9033167521,"Petite","Santé","Ontario","Espionnage industriel",3
166349098,"Petite","Santé","Quebec","Attaque par déni de service",7
7799777111,"Grande","Finance","Ontario","Espionnage industriel",17
7244341840,"Grande","Technologie","Quebec","Attaque par rançongiciel",18
4635473672,"Grande","Technologie","Ontario","Vol de données personnelles",13
97149845,"Moyenne","Finance","Quebec","Attaque par rançongiciel",10
8937302665,"Petite","Technologie","Quebec","Espionnage industriel",9
1262269370,"Moyenne","Santé","Quebec","Attaque par déni de service",9
2366738729,"Moyenne","Technologie","Quebec","Attaque par déni de service",10
4183450716,"Grande","Éducation","Quebec","Attaque par rançongiciel",13
4825945262,"Grande","Santé","Ontario","Attaque par rançongiciel",19
9886594773,"Petite","Santé","Ontario","Vol de données personnelles",9
298605744,"Moyenne","Finance","Quebec","Espionnage industriel",9
2517829746,"Petite","Finance","Quebec","Vol de données personnelles",9
5443378093,"Petite","Finance","Ontario","Attaque par déni de service",4
2403998102,"Petite","Éducation","Quebec","Attaque par déni de service",9
7061547793,"Petite","Technologie","Ontario","Vol de données personnelles",8
2180068081,"Moyenne","Finance","Ontario","Attaque par déni de service",6
3065461613,"Moyenne","Santé","Quebec","Vol de données personnelles",9
4146516719,"Petite","Éducation","Quebec","Espionnage industriel",4
8773201685,"Petite","Finance","Ontario","Vol de données personnelles",8
6112774348,"Grande","Technologie","Quebec","Espionnage industriel",19
1883011158,"Moyenne","Technologie","Quebec","Espionnage industriel",9
4158793460,"Petite","Technologie","Quebec","Vol de données personnelles",6
7202141195,"Petite","Santé","Ontario","Espionnage industriel",7
2291543589,"Grande","Technologie","Quebec","Attaque par rançongiciel",18
893128265,"Petite","Technologie","Quebec","Vol de données personnelles",0
9795260541,"Petite","Santé","Quebec","Vol de données personnelles",4
3178594738,"Moyenne","Technologie","Quebec","Attaque par rançongiciel",6
740217254,"Petite","Technologie","Quebec","Vol de données personnelles",6
7377842384,"Grande","Éducation","Quebec","Vol de données personnelles",14
7567103639,"Grande","Éducation","Quebec","Attaque par déni de service",9
7710227174,"Grande","Finance","Ontario","Attaque par déni de service",22
7834413128,"Petite","Technologie","Quebec","Vol de données personnelles",10
2543736017,"Petite","Santé","Quebec","Vol de données personnelles",3
5765929500,"Petite","Santé","Quebec","Attaque par rançongiciel",7
6929055475,"Moyenne","Technologie","Ontario","Vol de données personnelles",14
4928521502,"Grande","Santé","Ontario","Attaque par rançongiciel",11
2846981127,"Petite","Éducation","Quebec","Attaque par déni de service",0
2647745938,"Grande","Finance","Quebec","Attaque par rançongiciel",15
8644210008,"Moyenne","Éducation","Ontario","Attaque par rançongiciel",9
4857483335,"Petite","Technologie","Quebec","Vol de données personnelles",0
1756193423,"Grande","Technologie","Quebec","Espionnage industriel",10
5678861504,"Grande","Technologie","Ontario","Espionnage industriel",12
4015217909,"Petite","Technologie","Quebec","Attaque par rançongiciel",4
2867626889,"Moyenne","Éducation","Quebec","Attaque par rançongiciel",13
608258864,"Grande","Éducation","Ontario","Vol de données personnelles",13
2328309620,"Petite","Éducation","Quebec","Attaque par rançongiciel",2
9292368525,"Moyenne","Finance","Ontario","Attaque par rançongiciel",7
5105087971,"Grande","Finance","Quebec","Vol de données personnelles",11
2335093867,"Petite","Santé","Quebec","Attaque par rançongiciel",7
9331234720,"Moyenne","Santé","Quebec","Espionnage industriel",7
9227084106,"Moyenne","Finance","Ontario","Attaque par rançongiciel",11
2645135594,"Petite","Santé","Quebec","Vol de données personnelles",4
949007227,"Petite","Finance","Ontario","Vol de données personnelles",4
4196252678,"Grande","Santé","Quebec","Vol de données personnelles",14
2787087949,"Moyenne","Finance","Quebec","Attaque par rançongiciel",13
5684556972,"Grande","Santé","Ontario","Attaque par déni de service",11
6479009723,"Grande","Technologie","Quebec","Vol de données personnelles",14
5850284993,"Moyenne","Éducation","Quebec","Attaque par déni de service",8
6439492557,"Grande","Éducation","Quebec","Vol de données personnelles",12
5052565934,"Petite","Technologie","Ontario","Attaque par déni de service",3
7040830482,"Grande","Technologie","Quebec","Vol de données personnelles",9
127028337,"Grande","Technologie","Quebec","Espionnage industriel",12
3781356629,"Grande","Santé","Quebec","Attaque par rançongiciel",17
43518221,"Moyenne","Technologie","Quebec","Espionnage industriel",9
1518487324,"Moyenne","Technologie","Quebec","Attaque par rançongiciel",14
7729131948,"Moyenne","Santé","Quebec","Vol de données personnelles",10
7186785251,"Grande","Éducation","Quebec","Attaque par rançongiciel",12
8687638581,"Petite","Finance","Quebec","Attaque par déni de service",1
2674625795,"Moyenne","Finance","Quebec","Vol de données personnelles",15
8398789676,"Petite","Technologie","Quebec","Attaque par déni de service",4
7792146378,"Petite","Finance","Quebec","Vol de données personnelles",5
6094301284,"Petite","Éducation","Quebec","Attaque par rançongiciel",0
6358986611,"Grande","Technologie","Quebec","Attaque par déni de service",15
9648439622,"Grande","Éducation","Quebec","Vol de données personnelles",14
4818558434,"Petite","Finance","Quebec","Attaque par déni de service",12
5061600418,"Moyenne","Éducation","Ontario","Vol de données personnelles",12
2171071354,"Petite","Santé","Quebec","Attaque par rançongiciel",2
3642619835,"Moyenne","Éducation","Quebec","Espionnage industriel",11
1509549812,"Moyenne","Éducation","Quebec","Vol de données personnelles",6
4074440966,"Grande","Santé","Quebec","Attaque par rançongiciel",11
352601702,"Grande","Technologie","Quebec","Attaque par rançongiciel",11
1579248745,"Petite","Éducation","Ontario","Attaque par rançongiciel",8
6390553920,"Petite","Santé","Quebec","Attaque par déni de service",2
4832634767,"Moyenne","Santé","Quebec","Espionnage industriel",9
261831434,"Moyenne","Santé","Ontario","Attaque par déni de service",9
6938960037,"Grande","Finance","Quebec","Espionnage industriel",12
9986527637,"Petite","Finance","Quebec","Attaque par rançongiciel",4
1534189483,"Moyenne","Éducation","Quebec","Attaque par rançongiciel",9
7224669430,"Petite","Technologie","Quebec","Vol de données personnelles",6
883820983,"Grande","Santé","Quebec","Vol de données personnelles",18
686441192,"Moyenne","Technologie","Quebec","Attaque par rançongiciel",12
4255139124,"Grande","Finance","Quebec","Attaque par déni de service",18
8236888177,"Moyenne","Santé","Quebec","Vol de données personnelles",10
6107518355,"Petite","Santé","Ontario","Attaque par déni de service",5
4487356792,"Moyenne","Éducation","Quebec","Vol de données personnelles",11
3368724167,"Grande","Finance","Quebec","Attaque par déni de service",13
7375892181,"Grande","Santé","Quebec","Attaque par déni de service",14
2909358736,"Petite","Santé","Ontario","Attaque par déni de service",5
3309580165,"Grande","Éducation","Quebec","Vol de données personnelles",18
1823927446,"Moyenne","Santé","Ontario","Attaque par rançongiciel",11
4225024179,"Grande","Éducation","Quebec","Attaque par déni de service",12
7409415913,"Petite","Éducation","Quebec","Attaque par déni de service",7
3657582587,"Petite","Finance","Quebec","Vol de données personnelles",0
9043912214,"Moyenne","Finance","Ontario","Espionnage industriel",6
8281894285,"Petite","Éducation","Quebec","Espionnage industriel",3
2322133552,"Grande","Éducation","Ontario","Attaque par déni de service",13
9649420970,"Moyenne","Santé","Ontario","Attaque par déni de service",13
8687127292,"Grande","Éducation","Quebec","Attaque par rançongiciel",21
2681040959,"Petite","Santé","Quebec","Espionnage industriel",2
4884734721,"Petite","Éducation","Quebec","Vol de données personnelles",2
6514285619,"Moyenne","Finance","Quebec","Vol de données personnelles",10
6708281373,"Moyenne","Finance","Quebec","Espionnage industriel",10
6930524071,"Petite","Finance","Quebec","Vol de données personnelles",5
4185719633,"Petite","Finance","Quebec","Vol de données personnelles",6
1943214724,"Grande","Technologie","Quebec","Attaque par déni de service",14
7399686138,"Grande","Santé","Quebec","Attaque par déni de service",14
5759530785,"Grande","Santé","Quebec","Attaque par déni de service",14
5888456784,"Petite","Éducation","Ontario","Attaque par rançongiciel",8
468030420,"Moyenne","Finance","Quebec","Attaque par déni de service",13
9399406089,"Petite","Éducation","Quebec","Vol de données personnelles",5
4790190222,"Moyenne","Finance","Quebec","Attaque par déni de service",5
4536709356,"Grande","Santé","Quebec","Espionnage industriel",13
5026629134,"Moyenne","Santé","Quebec","Attaque par rançongiciel",8
6508245643,"Grande","Technologie","Quebec","Attaque par déni de service",12
6538777094,"Moyenne","Santé","Quebec","Attaque par rançongiciel",12
8072949004,"Grande","Santé","Ontario","Attaque par rançongiciel",18
5985994340,"Petite","Santé","Ontario","Vol de données personnelles",0
9370465909,"Moyenne","Santé","Quebec","Espionnage industriel",13
101478356,"Grande","Éducation","Quebec","Vol de données personnelles",9
5683364956,"Grande","Technologie","Quebec","Attaque par rançongiciel",18
9644213756,"Moyenne","Santé","Quebec","Espionnage industriel",11
2763012039,"Petite","Finance","Ontario","Vol de données personnelles",5
2870548984,"Moyenne","Technologie","Quebec","Attaque par déni de service",15
4856728225,"Moyenne","Santé","Ontario","Vol de données personnelles",12
9184819731,"Grande","Technologie","Quebec","Attaque par déni de service",10
3712510922,"Petite","Éducation","Quebec","Espionnage industriel",0
8553551220,"Moyenne","Éducation","Quebec","Vol de données personnelles",14
4036089808,"Petite","Technologie","Ontario","Espionnage industriel",3
8480109390,"Petite","Éducation","Quebec","Vol de données personnelles",0
5244702288,"Moyenne","Technologie","Ontario","Attaque par déni de service",13
5139680569,"Petite","Finance","Quebec","Attaque par déni de service",0
652778438,"Petite","Finance","Quebec","Espionnage industriel",0
4649435607,"Moyenne","Finance","Quebec","Attaque par rançongiciel",14
8744273323,"Moyenne","Santé","Quebec","Vol de données personnelles",11
6962402624,"Moyenne","Finance","Ontario","Vol de données personnelles",8
9429594011,"Grande","Santé","Quebec","Attaque par rançongiciel",20
8141492251,"Petite","Santé","Quebec","Vol de données personnelles",6
5520714473,"Grande","Technologie","Ontario","Vol de données personnelles",12
2062692563,"Grande","Finance","Quebec","Attaque par rançongiciel",17
1576309799,"Petite","Éducation","Quebec","Attaque par déni de service",0
1183901820,"Moyenne","Technologie","Quebec","Espionnage industriel",5
8143941892,"Grande","Santé","Ontario","Attaque par rançongiciel",17
565487992,"Moyenne","Éducation","Ontario","Espionnage industriel",12
4274233036,"Petite","Santé","Quebec","Vol de données personnelles",8
2624842958,"Moyenne","Finance","Quebec","Attaque par rançongiciel",13
8254183400,"Moyenne","Finance","Ontario","Vol de données personnelles",11
627518049,"Petite","Technologie","Quebec","Attaque par rançongiciel",0
9099403178,"Moyenne","Santé","Quebec","Vol de données personnelles",6
5454410734,"Moyenne","Santé","Quebec","Attaque par rançongiciel",12
9765576368,"Moyenne","Finance","Ontario","Attaque par déni de service",9
1965033313,"Grande","Finance","Ontario","Vol de données personnelles",19
7926459708,"Petite","Finance","Quebec","Attaque par rançongiciel",2
6797313561,"Grande","Éducation","Quebec","Attaque par déni de service",17
1471476143,"Grande","Finance","Quebec","Vol de données personnelles",15
7760697623,"Grande","Finance","Ontario","Espionnage industriel",19
5742369953,"Petite","Technologie","Quebec","Espionnage industriel",5
7326107046,"Moyenne","Éducation","Quebec","Attaque par déni de service",9
9135051676,"Moyenne","Finance","Quebec","Attaque par déni de service",11
193681242,"Grande","Santé","Ontario","Vol de données personnelles",11
8039129563,"Grande","Éducation","Quebec","Attaque par rançongiciel",15
1775337071,"Grande","Éducation","Quebec","Vol de données personnelles",17
8221077679,"Petite","Santé","Quebec","Attaque par rançongiciel",8
975867185,"Grande","Santé","Quebec","Vol de données personnelles",17
7257929449,"Grande","Finance","Ontario","Attaque par déni de service",18
680470185,"Grande","Finance","Quebec","Espionnage industriel",22
7006879131,"Petite","Technologie","Quebec","Vol de données personnelles",8
4893021840,"Grande","Santé","Quebec","Vol de données personnelles",16
5031320747,"Moyenne","Technologie","Quebec","Espionnage industriel",11
4689152276,"Petite","Technologie","Quebec","Attaque par rançongiciel",0
8603804064,"Moyenne","Finance","Quebec","Attaque par déni de service",9
2113455007,"Petite","Technologie","Quebec","Vol de données personnelles",0
9708752927,"Moyenne","Éducation","Quebec","Attaque par déni de service",10
3115069344,"Grande","Santé","Quebec","Attaque par déni de service",15
4865090794,"Moyenne","Technologie","Quebec","Attaque par déni de service",7
1064230631,"Petite","Éducation","Ontario","Vol de données personnelles",5
4681787367,"Moyenne","Santé","Quebec","Vol de données personnelles",6
2635484132,"Grande","Finance","Quebec","Attaque par rançongiciel",18
5613720351,"Grande","Finance","Ontario","Attaque par rançongiciel",14
9018842409,"Moyenne","Éducation","Ontario","Attaque par déni de service",11
2341936538,"Moyenne","Finance","Quebec","Attaque par déni de service",6
4691678120,"Grande","Santé","Quebec","Attaque par déni de service",14
4611948808,"Moyenne","Technologie","Quebec","Attaque par déni de service",6
3644025987,"Moyenne","Finance","Quebec","Attaque par déni de service",9
4657077512,"Moyenne","Technologie","Quebec","Vol de données personnelles",9
4016969749,"Grande","Finance","Ontario","Attaque par déni de service",13
6277873916,"Moyenne","Technologie","Ontario","Attaque par déni de service",12
4053871266,"Petite","Santé","Ontario","Espionnage industriel",6
8798901944,"Moyenne","Éducation","Quebec","Attaque par déni de service",8
9046505396,"Moyenne","Technologie","Ontario","Attaque par déni de service",9
6937069125,"Petite","Santé","Quebec","Attaque par rançongiciel",9
622378248,"Grande","Santé","Quebec","Espionnage industriel",18
3241033994,"Grande","Santé","Quebec","Attaque par déni de service",20
1700738509,"Grande","Technologie","Ontario","Attaque par rançongiciel",17
1006239365,"Petite","Finance","Quebec","Vol de données personnelles",4
1402982108,"Moyenne","Santé","Ontario","Espionnage industriel",13
9141370572,"Petite","Technologie","Ontario","Attaque par rançongiciel",10
2152856009,"Moyenne","Santé","Quebec","Vol de données personnelles",13
7280548681,"Moyenne","Finance","Ontario","Vol de données personnelles",13
7764706466,"Grande","Santé","Quebec","Attaque par déni de service",13
8279598838,"Moyenne","Santé","Quebec","Vol de données personnelles",15
5484027635,"Moyenne","Santé","Ontario","Attaque par rançongiciel",15
2437749587,"Petite","Finance","Quebec","Espionnage industriel",7
9091528563,"Moyenne","Finance","Ontario","Vol de données personnelles",11
9596405938,"Moyenne","Santé","Quebec","Attaque par rançongiciel",8
6415725580,"Petite","Éducation","Quebec","Attaque par rançongiciel",6
3718616957,"Grande","Éducation","Ontario","Vol de données personnelles",17
8207642638,"Petite","Finance","Quebec","Vol de données personnelles",1
2337881632,"Grande","Technologie","Quebec","Vol de données personnelles",16
5694574632,"Moyenne","Santé","Ontario","Attaque par déni de service",7
8566526628,"Grande","Technologie","Ontario","Espionnage industriel",16
89542696,"Petite","Éducation","Quebec","Attaque par rançongiciel",6
1446176674,"Petite","Technologie","Ontario","Attaque par rançongiciel",3
6411209741,"Grande","Éducation","Quebec","Attaque par déni de service",14
1740673444,"Petite","Finance","Quebec","Vol de données personnelles",6
9873222692,"Grande","Santé","Quebec","Attaque par rançongiciel",16
9212800892,"Petite","Éducation","Quebec","Attaque par rançongiciel",7
6785564048,"Petite","Technologie","Quebec","Espionnage industriel",0
2776452316,"Moyenne","Santé","Ontario","Attaque par rançongiciel",16
1194721788,"Grande","Éducation","Quebec","Attaque par rançongiciel",14
1138003923,"Grande","Technologie","Quebec","Attaque par rançongiciel",16
5003634182,"Petite","Technologie","Ontario","Vol de données personnelles",2
7353155865,"Grande","Finance","Quebec","Attaque par déni de service",16
7941585272,"Grande","Technologie","Quebec","Attaque par déni de service",16
1301332069,"Moyenne","Technologie","Ontario","Attaque par rançongiciel",13
3621249923,"Grande","Éducation","Quebec","Attaque par déni de service",14
5398522834,"Moyenne","Éducation","Quebec","Attaque par déni de service",8
2847500923,"Moyenne","Technologie","Ontario","Attaque par rançongiciel",7
891212585,"Moyenne","Éducation","Quebec","Attaque par déni de service",8
8844406795,"Petite","Technologie","Quebec","Espionnage industriel",6
2805641588,"Petite","Santé","Quebec","Attaque par déni de service",5
9646458147,"Moyenne","Technologie","Quebec","Vol de données personnelles",12
4077403637,"Moyenne","Éducation","Ontario","Attaque par rançongiciel",8
6130167055,"Petite","Éducation","Quebec","Attaque par déni de service",6
9507686319,"Petite","Santé","Quebec","Attaque par déni de service",7
407237926,"Moyenne","Technologie","Quebec","Espionnage industriel",12
8304776041,"Moyenne","Technologie","Quebec","Attaque par rançongiciel",10
7061953592,"Petite","Finance","Ontario","Attaque par rançongiciel",4
6319060335,"Grande","Technologie","Quebec","Espionnage industriel",16
9538411174,"Moyenne","Finance","Ontario","Vol de données personnelles",14
4984844363,"Petite","Finance","Quebec","Espionnage industriel",9
1816593529,"Grande","Technologie","Quebec","Attaque par rançongiciel",14
1733387930,"Moyenne","Technologie","Ontario","Attaque par rançongiciel",7
5030499167,"Petite","Technologie","Ontario","Attaque par rançongiciel",8
3321008420,"Grande","Finance","Quebec","Vol de données personnelles",15
6460228304,"Grande","Éducation","Quebec","Attaque par déni de service",14
1872239825,"Grande","Technologie","Ontario","Vol de données personnelles",13
923764121,"Petite","Technologie","Quebec","Attaque par déni de service",2
8626443359,"Grande","Éducation","Quebec","Vol de données personnelles",14
5220067045,"Petite","Santé","Quebec","Attaque par déni de service",13
571626858,"Petite","Technologie","Ontario","Attaque par rançongiciel",6
9973216800,"Moyenne","Finance","Quebec","Attaque par rançongiciel",8
2692432397,"Moyenne","Santé","Ontario","Vol de données personnelles",10
5838227803,"Petite","Santé","Quebec","Attaque par déni de service",2
7805839908,"Moyenne","Santé","Quebec","Espionnage industriel",12
6991940612,"Moyenne","Santé","Quebec","Vol de données personnelles",10
8582802510,"Grande","Technologie","Quebec","Attaque par déni de service",15
823005966,"Grande","Finance","Quebec","Vol de données personnelles",16
7392369304,"Grande","Finance","Quebec","Attaque par déni de service",12
912029925,"Moyenne","Finance","Ontario","Espionnage industriel",5
1385409117,"Grande","Éducation","Quebec","Attaque par rançongiciel",18
927042715,"Grande","Santé","Quebec","Vol de données personnelles",14
8818798911,"Petite","Éducation","Quebec","Attaque par déni de service",9
537418057,"Petite","Éducation","Quebec","Espionnage industriel",3
6226841141,"Grande","Santé","Quebec","Espionnage industriel",15
1337704180,"Moyenne","Éducation","Quebec","Attaque par rançongiciel",9
1086282285,"Moyenne","Finance","Quebec","Vol de données personnelles",11
7287673542,"Grande","Technologie","Quebec","Vol de données personnelles",14
2329056320,"Moyenne","Éducation","Quebec","Vol de données personnelles",11
7103355743,"Moyenne","Éducation","Quebec","Attaque par rançongiciel",4
2120792570,"Petite","Finance","Quebec","Vol de données personnelles",2
3958917554,"Petite","Santé","Quebec","Vol de données personnelles",6
3936420946,"Grande","Santé","Ontario","Vol de données personnelles",16
9452050904,"Moyenne","Santé","Quebec","Vol de données personnelles",10
4316201162,"Petite","Technologie","Ontario","Attaque par déni de service",4
751258117,"Petite","Éducation","Quebec","Attaque par rançongiciel",6
9123275102,"Moyenne","Finance","Quebec","Attaque par rançongiciel",10
2678719896,"Moyenne","Santé","Ontario","Attaque par déni de service",9
9567085755,"Moyenne","Éducation","Quebec","Attaque par rançongiciel",11
975729654,"Petite","Finance","Quebec","Espionnage industriel",4
6184287556,"Grande","Finance","Quebec","Espionnage industriel",10
8502712906,"Grande","Éducation","Quebec","Attaque par déni de service",18
4528358862,"Grande","Éducation","Quebec","Attaque par déni de service",11
273004475,"Petite","Éducation","Ontario","Attaque par rançongiciel",5
7051797878,"Petite","Technologie","Ontario","Attaque par rançongiciel",2
58772015,"Moyenne","Éducation","Quebec","Attaque par rançongiciel",9
4041863329,"Moyenne","Technologie","Quebec","Espionnage industriel",9
4304735921,"Grande","Éducation","Quebec","Attaque par déni de service",17
5968285573,"Petite","Technologie","Quebec","Attaque par rançongiciel",7
5217385108,"Grande","Éducation","Quebec","Attaque par rançongiciel",18
2417877213,"Moyenne","Finance","Ontario","Attaque par déni de service",12
6734256860,"Moyenne","Éducation","Quebec","Attaque par déni de service",13
6739991378,"Moyenne","Éducation","Ontario","Vol de données personnelles",12
389511442,"Moyenne","Éducation","Ontario","Attaque par rançongiciel",8
6269102822,"Grande","Santé","Quebec","Attaque par déni de service",17
297672568,"Grande","Finance","Ontario","Attaque par rançongiciel",11
2852225799,"Moyenne","Technologie","Ontario","Attaque par rançongiciel",11
5322064688,"Petite","Finance","Quebec","Attaque par déni de service",8
5767327908,"Moyenne","Santé","Ontario","Attaque par rançongiciel",8
7155372154,"Grande","Santé","Quebec","Vol de données personnelles",13
662280865,"Moyenne","Éducation","Ontario","Vol de données personnelles",9
8350409835,"Petite","Technologie","Quebec","Attaque par rançongiciel",4
3015511497,"Grande","Finance","Quebec","Vol de données personnelles",11
7108971134,"Grande","Technologie","Quebec","Espionnage industriel",16
8957255872,"Grande","Éducation","Quebec","Vol de données personnelles",13
7590662079,"Grande","Finance","Quebec","Espionnage industriel",19
7526300611,"Grande","Technologie","Quebec","Espionnage industriel",15
4398757392,"Petite","Éducation","Quebec","Espionnage industriel",3
8840897486,"Moyenne","Finance","Ontario","Vol de données personnelles",15
467102109,"Petite","Éducation","Quebec","Vol de données personnelles",4
339035730,"Grande","Santé","Quebec","Attaque par rançongiciel",21
9865322912,"Grande","Santé","Quebec","Attaque par déni de service",12
8920012781,"Moyenne","Santé","Ontario","Attaque par rançongiciel",6
7500437432,"Petite","Technologie","Quebec","Vol de données personnelles",0
9337828254,"Grande","Santé","Quebec","Attaque par déni de service",14
7197445614,"Grande","Santé","Quebec","Vol de données personnelles",15
1195120115,"Petite","Santé","Ontario","Vol de données personnelles",6
3414620919,"Moyenne","Technologie","Ontario","Vol de données personnelles",9
1117884532,"Grande","Technologie","Quebec","Vol de données personnelles",15
5051354209,"Grande","Finance","Quebec","Espionnage industriel",16
1602309487,"Moyenne","Santé","Ontario","Vol de données personnelles",8
2952086083,"Moyenne","Santé","Quebec","Attaque par déni de service",7
6092008136,"Moyenne","Technologie","Ontario","Espionnage industriel",9
1580791206,"Moyenne","Santé","Ontario","Vol de données personnelles",12
1726456213,"Grande","Finance","Quebec","Attaque par déni de service",14
3574135135,"Grande","Finance","Ontario","Vol de données personnelles",16
8869373260,"Moyenne","Technologie","Ontario","Espionnage industriel",10
2848171170,"Petite","Santé","Quebec","Vol de données personnelles",6
9975567761,"Moyenne","Éducation","Quebec","Attaque par rançongiciel",10
1152569191,"Moyenne","Finance","Quebec","Attaque par rançongiciel",9
9581330714,"Moyenne","Finance","Ontario","Attaque par déni de service",9
7140552439,"Petite","Technologie","Quebec","Attaque par déni de service",5
3638398768,"Moyenne","Technologie","Quebec","Vol de données personnelles",11
9726768008,"Grande","Finance","Quebec","Attaque par déni de service",16
4526455924,"Moyenne","Éducation","Quebec","Espionnage industriel",11
8949614838,"Moyenne","Finance","Quebec","Attaque par rançongiciel",8
9153886567,"Petite","Technologie","Quebec","Attaque par déni de service",1
4288827969,"Moyenne","Santé","Quebec","Vol de données personnelles",11
5238833540,"Moyenne","Santé","Quebec","Espionnage industriel",5
5882709065,"Petite","Santé","Quebec","Attaque par rançongiciel",3
6796687145,"Grande","Technologie","Ontario","Vol de données personnelles",15
8550393790,"Petite","Finance","Quebec","Vol de données personnelles",7
3097259176,"Grande","Éducation","Quebec","Espionnage industriel",13
7319906299,"Moyenne","Éducation","Quebec","Attaque par déni de service",10
8659992267,"Moyenne","Finance","Quebec","Vol de données personnelles",10
1581774015,"Petite","Éducation","Quebec","Attaque par rançongiciel",8
7411300718,"Moyenne","Technologie","Quebec","Attaque par rançongiciel",15
1680082688,"Moyenne","Finance","Quebec","Attaque par déni de service",0
3859510686,"Petite","Technologie","Quebec","Attaque par déni de service",9
2202208173,"Petite","Technologie","Ontario","Attaque par rançongiciel",2
3075199882,"Moyenne","Santé","Ontario","Attaque par rançongiciel",11
8019093158,"Petite","Technologie","Ontario","Vol de données personnelles",7
4884909126,"Grande","Santé","Quebec","Attaque par déni de service",18
8204916269,"Petite","Technologie","Quebec","Vol de données personnelles",11
4834721873,"Petite","Technologie","Quebec","Vol de données personnelles",6
2114895995,"Moyenne","Finance","Ontario","Attaque par déni de service",18
5778919276,"Petite","Finance","Quebec","Vol de données personnelles",4
5865245574,"Grande","Technologie","Quebec","Attaque par déni de service",15
9059343379,"Moyenne","Santé","Quebec","Attaque par déni de service",6
3989098937,"Grande","Technologie","Quebec","Espionnage industriel",14
6486567931,"Moyenne","Technologie","Ontario","Espionnage industriel",16
7324628184,"Moyenne","Technologie","Quebec","Attaque par déni de service",10
6181985859,"Grande","Finance","Quebec","Vol de données personnelles",14
8078348847,"Moyenne","Éducation","Ontario","Attaque par rançongiciel",8
1648381714,"Petite","Finance","Quebec","Espionnage industriel",7
7144829404,"Petite","Éducation","Quebec","Attaque par déni de service",6
2937124286,"Petite","Santé","Ontario","Vol de données personnelles",6
8687890960,"Petite","Éducation","Ontario","Vol de données personnelles",4
1504222582,"Petite","Technologie","Quebec","Vol de données personnelles",5
477166003,"Petite","Éducation","Quebec","Vol de données personnelles",8
1764435623,"Petite","Finance","Quebec","Vol de données personnelles",7
8488455573,"Petite","Santé","Quebec","Espionnage industriel",4
2328592007,"Moyenne","Santé","Ontario","Attaque par déni de service",8
7059223006,"Moyenne","Finance","Quebec","Vol de données personnelles",12
2478000474,"Grande","Éducation","Ontario","Attaque par déni de service",19
8788842229,"Petite","Éducation","Ontario","Espionnage industriel",3
5687656471,"Moyenne","Finance","Ontario","Espionnage industriel",10
4155581982,"Petite","Technologie","Ontario","Attaque par rançongiciel",8
2936526898,"Petite","Santé","Quebec","Attaque par rançongiciel",6
8337667978,"Grande","Santé","Quebec","Espionnage industriel",16
8124507520,"Petite","Éducation","Quebec","Espionnage industriel",8
1713053769,"Moyenne","Finance","Quebec","Attaque par déni de service",10
2852235165,"Moyenne","Éducation","Quebec","Espionnage industriel",11
2189082777,"Moyenne","Technologie","Ontario","Vol de données personnelles",16
5873391255,"Grande","Éducation","Quebec","Espionnage industriel",17
4609701613,"Petite","Technologie","Quebec","Espionnage industriel",7
1438411125,"Grande","Éducation","Quebec","Espionnage industriel",11
5043553121,"Grande","Finance","Ontario","Attaque par déni de service",18
194460091,"Moyenne","Éducation","Quebec","Espionnage industriel",5
8275140909,"Petite","Finance","Quebec","Attaque par déni de service",7
9624646466,"Grande","Finance","Ontario","Espionnage industriel",12
584865471,"Moyenne","Éducation","Quebec","Espionnage industriel",11
960911929,"Grande","Finance","Ontario","Espionnage industriel",16
4065735023,"Petite","Santé","Quebec","Attaque par déni de service",6
6611473369,"Moyenne","Santé","Quebec","Vol de données personnelles",11
1260115833,"Grande","Santé","Quebec","Attaque par déni de service",10
5952752752,"Petite","Finance","Ontario","Vol de données personnelles",7
6290896705,"Moyenne","Éducation","Quebec","Attaque par déni de service",12
5933341510,"Petite","Éducation","Quebec","Attaque par déni de service",3
8002513521,"Grande","Éducation","Quebec","Vol de données personnelles",11
9122767340,"Grande","Finance","Quebec","Attaque par rançongiciel",14
6244744115,"Grande","Finance","Quebec","Attaque par déni de service",15
2753697398,"Grande","Éducation","Ontario","Espionnage industriel",15
8949789939,"Moyenne","Finance","Ontario","Attaque par rançongiciel",10
6570748793,"Grande","Finance","Quebec","Espionnage industriel",15
2180818931,"Petite","Technologie","Quebec","Attaque par rançongiciel",2
9405570505,"Grande","Santé","Ontario","Espionnage industriel",16
3042702218,"Petite","Santé","Quebec","Vol de données personnelles",6
5098393686,"Moyenne","Santé","Quebec","Vol de données personnelles",14
9864593548,"Petite","Finance","Quebec","Vol de données personnelles",3
8401247069,"Moyenne","Éducation","Quebec","Attaque par déni de service",14
6244683357,"Moyenne","Technologie","Quebec","Vol de données personnelles",14
47090636,"Petite","Éducation","Quebec","Vol de données personnelles",9
4920123933,"Moyenne","Santé","Ontario","Attaque par déni de service",5
3148803423,"Petite","Technologie","Quebec","Attaque par déni de service",9
2050722001,"Grande","Santé","Quebec","Attaque par déni de service",16
5641806720,"Grande","Technologie","Quebec","Attaque par rançongiciel",14
7220317323,"Petite","Technologie","Quebec","Vol de données personnelles",7
639852771,"Petite","Éducation","Quebec","Attaque par rançongiciel",2
2674840507,"Petite","Technologie","Ontario","Attaque par déni de service",0
324617737,"Moyenne","Éducation","Quebec","Attaque par rançongiciel",9
907460882,"Moyenne","Technologie","Quebec","Attaque par rançongiciel",7
5900072714,"Grande","Finance","Quebec","Vol de données personnelles",15
7461070844,"Moyenne","Technologie","Ontario","Vol de données personnelles",18
8088487868,"Petite","Finance","Quebec","Attaque par rançongiciel",8
8832637744,"Moyenne","Finance","Ontario","Attaque par déni de service",8
6390604166,"Moyenne","Éducation","Ontario","Attaque par déni de service",8
8375060257,"Grande","Éducation","Quebec","Espionnage industriel",13
467449590,"Moyenne","Technologie","Quebec","Attaque par déni de service",12
8099100660,"Moyenne","Éducation","Quebec","Espionnage industriel",13
3647541962,"Moyenne","Finance","Quebec","Espionnage industriel",10
3032696649,"Moyenne","Finance","Ontario","Vol de données personnelles",11
6880367814,"Moyenne","Santé","Quebec","Vol de données personnelles",13
6727661064,"Moyenne","Éducation","Quebec","Vol de données personnelles",8
1452087807,"Moyenne","Technologie","Quebec","Attaque par rançongiciel",10
9077697929,"Moyenne","Éducation","Ontario","Attaque par rançongiciel",8
5703720524,"Petite","Technologie","Quebec","Espionnage industriel",5
2972197966,"Moyenne","Finance","Quebec","Espionnage industriel",11
9491353393,"Petite","Éducation","Quebec","Vol de données personnelles",3
911305869,"Petite","Santé","Quebec","Attaque par rançongiciel",7
598340155,"Grande","Éducation","Quebec","Espionnage industriel",12
2304200823,"Grande","Finance","Quebec","Espionnage industriel",17
295071237,"Petite","Santé","Ontario","Attaque par rançongiciel",4
5763233549,"Grande","Santé","Ontario","Attaque par rançongiciel",16
7762250099,"Moyenne","Éducation","Ontario","Attaque par rançongiciel",11
7982561280,"Petite","Éducation","Ontario","Attaque par rançongiciel",4
7888465099,"Moyenne","Santé","Quebec","Attaque par déni de service",10
3798621443,"Moyenne","Santé","Quebec","Vol de données personnelles",8
2398214748,"Grande","Éducation","Quebec","Espionnage industriel",13
2438203805,"Moyenne","Éducation","Quebec","Attaque par déni de service",11
4346699911,"Moyenne","Éducation","Quebec","Attaque par rançongiciel",12
7722401299,"Moyenne","Santé","Quebec","Attaque par déni de service",12
9362517273,"Moyenne","Éducation","Ontario","Vol de données personnelles",12
2861205726,"Moyenne","Technologie","Quebec","Vol de données personnelles",9
3631456985,"Petite","Technologie","Ontario","Vol de données personnelles",6
3257684667,"Grande","Éducation","Quebec","Espionnage industriel",9
540784473,"Grande","Santé","Quebec","Attaque par déni de service",19
3265186775,"Petite","Santé","Quebec","Espionnage industriel",0
958590003,"Grande","Finance","Ontario","Vol de données personnelles",13
6145976530,"Petite","Santé","Quebec","Attaque par rançongiciel",8
8302255469,"Moyenne","Éducation","Quebec","Attaque par déni de service",6
843108806,"Moyenne","Éducation","Quebec","Espionnage industriel",7
5040666187,"Petite","Technologie","Ontario","Espionnage industriel",7
7494086290,"Grande","Finance","Quebec","Vol de données personnelles",18
9516457810,"Moyenne","Finance","Quebec","Attaque par déni de service",13
1933968263,"Petite","Santé","Quebec","Espionnage industriel",7
4246528728,"Petite","Technologie","Quebec","Espionnage industriel",7
1633911338,"Petite","Éducation","Ontario","Attaque par rançongiciel",5
5897192109,"Petite","Technologie","Ontario","Vol de données personnelles",3
6307387537,"Grande","Éducation","Ontario","Espionnage industriel",17
1765691146,"Grande","Technologie","Quebec","Espionnage industriel",16
1646414410,"Grande","Éducation","Quebec","Espionnage industriel",11
1815341370,"Grande","Finance","Ontario","Attaque par déni de service",18
3640030138,"Petite","Finance","Quebec","Vol de données personnelles",7
1529215416,"Petite","Technologie","Quebec","Espionnage industriel",4
5570021034,"Moyenne","Technologie","Quebec","Attaque par rançongiciel",10
600767322,"Grande","Finance","Quebec","Vol de données personnelles",15
1436812617,"Grande","Éducation","Ontario","Vol de données personnelles",17
6641474893,"Moyenne","Finance","Quebec","Espionnage industriel",5
5267300834,"Grande","Finance","Quebec","Attaque par rançongiciel",17
2179082518,"Moyenne","Santé","Quebec","Attaque par rançongiciel",9
3202091689,"Petite","Technologie","Quebec","Attaque par déni de service",9
8569668392,"Grande","Éducation","Quebec","Vol de données personnelles",11
7037228168,"Moyenne","Technologie","Quebec","Espionnage industriel",11
720040598,"Moyenne","Technologie","Quebec","Vol de données personnelles",8
7770359576,"Moyenne","Éducation","Quebec","Vol de données personnelles",13
8330167844,"Petite","Éducation","Ontario","Vol de données personnelles",5
7630471124,"Moyenne","Éducation","Quebec","Attaque par déni de service",13
1924590584,"Moyenne","Éducation","Quebec","Vol de données personnelles",10
1047800991,"Moyenne","Éducation","Quebec","Attaque par déni de service",10
286689413,"Grande","Finance","Quebec","Espionnage industriel",14
3325769969,"Grande","Technologie","Quebec","Vol de données personnelles",14
2684873674,"Petite","Technologie","Quebec","Attaque par déni de service",5
1539041354,"Petite","Santé","Ontario","Attaque par rançongiciel",6
2851192538,"Moyenne","Éducation","Ontario","Vol de données personnelles",9
4868863281,"Moyenne","Finance","Quebec","Vol de données personnelles",14
2794488477,"Petite","Technologie","Quebec","Attaque par rançongiciel",7
4074868170,"Moyenne","Finance","Quebec","Attaque par rançongiciel",9
6368305734,"Moyenne","Éducation","Ontario","Attaque par déni de service",4
6717539095,"Grande","Finance","Ontario","Vol de données personnelles",13
9931115958,"Grande","Santé","Quebec","Attaque par rançongiciel",19
4296660073,"Moyenne","Éducation","Quebec","Vol de données personnelles",10
1927343040,"Moyenne","Technologie","Quebec","Attaque par rançongiciel",10
793352813,"Moyenne","Éducation","Quebec","Vol de données personnelles",11
9370554149,"Grande","Finance","Ontario","Espionnage industriel",17
6018805586,"Grande","Finance","Ontario","Vol de données personnelles",17
6009879212,"Moyenne","Santé","Quebec","Espionnage industriel",9
8512115074,"Grande","Finance","Quebec","Vol de données personnelles",10
7665483409,"Moyenne","Finance","Quebec","Vol de données personnelles",6
5411937641,"Moyenne","Technologie","Quebec","Espionnage industriel",6
8208107812,"Moyenne","Éducation","Quebec","Vol de données personnelles",13
2070379976,"Petite","Santé","Ontario","Espionnage industriel",8
1065360886,"Petite","Éducation","Quebec","Attaque par déni de service",6
5760595938,"Grande","Éducation","Quebec","Attaque par déni de service",10
8380778585,"Moyenne","Santé","Quebec","Vol de données personnelles",9
333846403,"Petite","Finance","Quebec","Attaque par rançongiciel",5
8765066269,"Moyenne","Éducation","Quebec","Espionnage industriel",8
2189955731,"Moyenne","Technologie","Ontario","Attaque par déni de service",9
3162338250,"Moyenne","Technologie","Ontario","Attaque par rançongiciel",9
6401080881,"Grande","Finance","Quebec","Vol de données personnelles",15
7581668224,"Moyenne","Technologie","Quebec","Attaque par rançongiciel",8
749842053,"Petite","Technologie","Ontario","Attaque par rançongiciel",0
514588607,"Moyenne","Éducation","Quebec","Espionnage industriel",9
1088548935,"Petite","Santé","Quebec","Attaque par rançongiciel",0
5542682458,"Petite","Finance","Ontario","Vol de données personnelles",7
2332434030,"Petite","Éducation","Quebec","Espionnage industriel",9
9583205157,"Grande","Éducation","Ontario","Attaque par rançongiciel",15
4446592239,"Petite","Éducation","Quebec","Espionnage industriel",0
7569281377,"Moyenne","Finance","Quebec","Espionnage industriel",16
86523633,"Petite","Finance","Quebec","Attaque par déni de service",4
600015746,"Grande","Éducation","Ontario","Attaque par rançongiciel",11
1924701364,"Moyenne","Finance","Quebec","Espionnage industriel",5
91974377,"Grande","Technologie","Quebec","Attaque par déni de service",14
5748817554,"Moyenne","Technologie","Quebec","Espionnage industriel",7
7532964789,"Moyenne","Finance","Quebec","Attaque par rançongiciel",9
3589305161,"Grande","Santé","Quebec","Espionnage industriel",16
8012961398,"Petite","Finance","Quebec","Attaque par rançongiciel",7
7204033686,"Moyenne","Santé","Quebec","Attaque par rançongiciel",6
6116795706,"Petite","Éducation","Ontario","Attaque par déni de service",3
705149293,"Moyenne","Éducation","Quebec","Vol de données personnelles",9
5800779514,"Grande","Technologie","Ontario","Attaque par rançongiciel",13
2162471,"Moyenne","Finance","Quebec","Attaque par déni de service",7
7419311381,"Grande","Finance","Quebec","Attaque par déni de service",9
236256475,"Grande","Santé","Quebec","Attaque par déni de service",18
270873341,"Petite","Finance","Quebec","Attaque par déni de service",6
2091709499,"Petite","Santé","Quebec","Attaque par déni de service",3
5990645958,"Petite","Finance","Ontario","Attaque par déni de service",4
4677102108,"Petite","Santé","Ontario","Espionnage industriel",6
1947660980,"Petite","Santé","Quebec","Espionnage industriel",1
7937391120,"Grande","Santé","Ontario","Espionnage industriel",8
6665743381,"Petite","Éducation","Ontario","Vol de données personnelles",12
7925423832,"Petite","Éducation","Quebec","Espionnage industriel",11
5346217359,"Grande","Éducation","Quebec","Attaque par déni de service",18
1398639648,"Petite","Éducation","Quebec","Attaque par déni de service",2
5482292868,"Petite","Technologie","Ontario","Attaque par rançongiciel",4
9158711167,"Petite","Santé","Ontario","Attaque par déni de service",2
8912706809,"Petite","Santé","Ontario","Attaque par déni de service",1
7370451467,"Moyenne","Finance","Quebec","Attaque par déni de service",5
6274830574,"Petite","Finance","Quebec","Attaque par déni de service",4
5853168307,"Grande","Éducation","Quebec","Attaque par rançongiciel",16
9351264962,"Petite","Éducation","Quebec","Espionnage industriel",4
408153401,"Petite","Santé","Ontario","Attaque par rançongiciel",7
7929503257,"Moyenne","Finance","Quebec","Attaque par rançongiciel",6
5816080087,"Moyenne","Technologie","Ontario","Attaque par déni de service",14
4242061879,"Petite","Finance","Quebec","Attaque par rançongiciel",6
9038890441,"Petite","Santé","Quebec","Attaque par rançongiciel",4
9493376535,"Moyenne","Santé","Ontario","Attaque par déni de service",8
589078851,"Grande","Éducation","Quebec","Attaque par rançongiciel",21
4135142843,"Grande","Finance","Ontario","Attaque par rançongiciel",16
9968323067,"Moyenne","Technologie","Quebec","Espionnage industriel",8
7276096756,"Petite","Technologie","Quebec","Vol de données personnelles",7
9320673089,"Grande","Santé","Quebec","Vol de données personnelles",15
5492852288,"Grande","Technologie","Quebec","Espionnage industriel",15
6032386098,"Grande","Technologie","Quebec","Vol de données personnelles",16
4204393931,"Moyenne","Finance","Quebec","Attaque par déni de service",8
1917440502,"Moyenne","Santé","Quebec","Espionnage industriel",9
2864368338,"Grande","Finance","Ontario","Attaque par rançongiciel",16
1956804474,"Moyenne","Éducation","Ontario","Espionnage industriel",11
3187867442,"Moyenne","Santé","Quebec","Espionnage industriel",12
6369384882,"Grande","Éducation","Ontario","Attaque par déni de service",15
8776027256,"Grande","Technologie","Quebec","Attaque par déni de service",16
909464983,"Grande","Santé","Ontario","Attaque par rançongiciel",13
2983097720,"Grande","Éducation","Quebec","Vol de données personnelles",16
8322825699,"Moyenne","Technologie","Quebec","Espionnage industriel",9
7547783974,"Moyenne","Finance","Quebec","Vol de données personnelles",13
529816199,"Grande","Éducation","Quebec","Attaque par rançongiciel",15
195107955,"Moyenne","Finance","Quebec","Attaque par déni de service",13
1602712403,"Grande","Technologie","Quebec","Espionnage industriel",18
7468690548,"Moyenne","Santé","Quebec","Espionnage industriel",11
4438888370,"Moyenne","Éducation","Quebec","Vol de données personnelles",15
6859537398,"Grande","Technologie","Quebec","Vol de données personnelles",13
7549052816,"Grande","Finance","Ontario","Espionnage industriel",15
6223054169,"Moyenne","Éducation","Ontario","Espionnage industriel",12
593186899,"Moyenne","Finance","Quebec","Attaque par rançongiciel",13
9363825625,"Grande","Finance","Ontario","Attaque par rançongiciel",18
7096488821,"Grande","Technologie","Quebec","Espionnage industriel",8
8230649688,"Moyenne","Éducation","Quebec","Vol de données personnelles",14
882368972,"Petite","Finance","Ontario","Vol de données personnelles",8
2035496179,"Moyenne","Finance","Ontario","Attaque par déni de service",10
1801377489,"Petite","Éducation","Ontario","Vol de données personnelles",4
2820368817,"Moyenne","Éducation","Quebec","Attaque par rançongiciel",9
5670500874,"Moyenne","Finance","Ontario","Espionnage industriel",12
8392355617,"Moyenne","Finance","Quebec","Attaque par rançongiciel",6
865151315,"Petite","Technologie","Quebec","Vol de données personnelles",7
9629611009,"Grande","Finance","Ontario","Attaque par déni de service",15
1927878973,"Petite","Finance","Quebec","Vol de données personnelles",5
7449692629,"Petite","Finance","Quebec","Attaque par déni de service",4
3841806050,"Grande","Santé","Quebec","Attaque par rançongiciel",17
3970701025,"Grande","Technologie","Quebec","Espionnage industriel",14
6148298471,"Grande","Finance","Quebec","Attaque par déni de service",17
3105667133,"Moyenne","Technologie","Ontario","Vol de données personnelles",13
4168633990,"Grande","Finance","Quebec","Espionnage industriel",16
2987611809,"Grande","Finance","Quebec","Vol de données personnelles",14
5635582494,"Petite","Santé","Quebec","Attaque par rançongiciel",5
3577033412,"Grande","Finance","Quebec","Attaque par déni de service",10
2898023619,"Moyenne","Éducation","Quebec","Attaque par rançongiciel",12
4082691004,"Grande","Finance","Quebec","Espionnage industriel",16
9779384337,"Moyenne","Éducation","Quebec","Espionnage industriel",7
243554258,"Petite","Santé","Quebec","Attaque par déni de service",4
5278840028,"Grande","Santé","Quebec","Vol de données personnelles",16
1412430520,"Petite","Éducation","Quebec","Espionnage industriel",5
9229441778,"Grande","Éducation","Quebec","Espionnage industriel",14
4507652855,"Moyenne","Technologie","Quebec","Attaque par déni de service",9
7836759174,"Grande","Technologie","Quebec","Vol de données personnelles",14
3861045704,"Petite","Santé","Quebec","Attaque par rançongiciel",6
4649757747,"Grande","Finance","Ontario","Attaque par rançongiciel",17
4100148925,"Grande","Technologie","Quebec","Attaque par déni de service",12
1185939348,"Grande","Santé","Ontario","Attaque par déni de service",18
1921265408,"Petite","Santé","Quebec","Espionnage industriel",4
6041030318,"Moyenne","Éducation","Quebec","Espionnage industriel",8
7429003148,"Moyenne","Technologie","Ontario","Attaque par déni de service",9
1266278214,"Moyenne","Finance","Quebec","Espionnage industriel",14
4243539766,"Petite","Santé","Quebec","Attaque par rançongiciel",2
1564531099,"Grande","Finance","Ontario","Attaque par rançongiciel",21
6139373204,"Petite","Technologie","Quebec","Attaque par déni de service",0
2319725371,"Petite","Finance","Quebec","Attaque par déni de service",5
5059313553,"Grande","Éducation","Quebec","Attaque par rançongiciel",12
5882897563,"Grande","Technologie","Quebec","Attaque par rançongiciel",9
3848430586,"Petite","Santé","Quebec","Attaque par rançongiciel",0
3768196287,"Petite","Éducation","Quebec","Attaque par rançongiciel",7
3939757953,"Moyenne","Santé","Quebec","Attaque par déni de service",13
2300506517,"Moyenne","Technologie","Quebec","Vol de données personnelles",10
9717614899,"Moyenne","Technologie","Quebec","Vol de données personnelles",13
8411569864,"Grande","Santé","Quebec","Attaque par rançongiciel",16
6194215122,"Petite","Finance","Quebec","Attaque par déni de service",2
9225936825,"Grande","Technologie","Quebec","Vol de données personnelles",10
1599607440,"Grande","Santé","Ontario","Attaque par rançongiciel",11
2425647729,"Grande","Technologie","Ontario","Vol de données personnelles",17
2588246157,"Moyenne","Technologie","Quebec","Espionnage industriel",13
2618409886,"Petite","Éducation","Ontario","Espionnage industriel",7
6364560231,"Petite","Technologie","Quebec","Attaque par déni de service",6
4946841879,"Grande","Technologie","Quebec","Attaque par déni de service",19
4676735238,"Grande","Technologie","Quebec","Espionnage industriel",13
1351042529,"Petite","Santé","Quebec","Espionnage industriel",4
6464176978,"Petite","Éducation","Quebec","Attaque par rançongiciel",6
2830631923,"Petite","Technologie","Quebec","Attaque par déni de service",4
7687314861,"Moyenne","Finance","Quebec","Vol de données personnelles",7
7137299349,"Grande","Éducation","Quebec","Espionnage industriel",12
1466516245,"Grande","Santé","Ontario","Attaque par rançongiciel",19
7514971643,"Grande","Finance","Ontario","Attaque par rançongiciel",15
7076207768,"Grande","Finance","Quebec","Attaque par rançongiciel",14
71723613,"Moyenne","Santé","Quebec","Espionnage industriel",8
6134758618,"Petite","Technologie","Ontario","Vol de données personnelles",8
3216116,"Moyenne","Éducation","Ontario","Attaque par rançongiciel",8
1563946079,"Grande","Finance","Ontario","Attaque par rançongiciel",12
6609356256,"Moyenne","Finance","Quebec","Vol de données personnelles",6
6759652650,"Moyenne","Éducation","Ontario","Attaque par rançongiciel",3
7439907427,"Petite","Santé","Ontario","Attaque par rançongiciel",0
5035966402,"Petite","Santé","Quebec","Vol de données personnelles",4
7658952303,"Petite","Éducation","Quebec","Vol de données personnelles",2
5920153100,"Moyenne","Éducation","Quebec","Attaque par rançongiciel",7
1848765176,"Petite","Éducation","Ontario","Attaque par rançongiciel",0
3098844647,"Grande","Santé","Quebec","Vol de données personnelles",15
4294336014,"Moyenne","Santé","Quebec","Attaque par déni de service",7
1698911863,"Grande","Finance","Quebec","Vol de données personnelles",18
4583968693,"Petite","Éducation","Quebec","Espionnage industriel",6
8778464192,"Moyenne","Finance","Quebec","Attaque par déni de service",8
1092927857,"Moyenne","Santé","Quebec","Espionnage industriel",11
6321514436,"Grande","Finance","Ontario","Vol de données personnelles",15
5929084014,"Petite","Finance","Quebec","Attaque par déni de service",8
3268751731,"Petite","Éducation","Quebec","Attaque par rançongiciel",3
2870779624,"Grande","Finance","Quebec","Attaque par rançongiciel",14
8380381086,"Grande","Santé","Quebec","Attaque par déni de service",20
1986679934,"Petite","Technologie","Quebec","Attaque par rançongiciel",11
7877530222,"Petite","Éducation","Quebec","Vol de données personnelles",5
3739842468,"Grande","Santé","Quebec","Espionnage industriel",9
4392088193,"Grande","Santé","Ontario","Attaque par rançongiciel",17
6877156178,"Moyenne","Santé","Quebec","Vol de données personnelles",14
2284324262,"Moyenne","Technologie","Quebec","Espionnage industriel",14
5523719250,"Moyenne","Éducation","Quebec","Attaque par déni de service",15
503287564,"Grande","Technologie","Quebec","Attaque par déni de service",17
7283619504,"Grande","Finance","Quebec","Espionnage industriel",16
7584001980,"Grande","Éducation","Quebec","Attaque par déni de service",14
9447195768,"Grande","Éducation","Quebec","Vol de données personnelles",12
7710846257,"Petite","Finance","Ontario","Espionnage industriel",4
8315915423,"Grande","Éducation","Quebec","Attaque par déni de service",15
6872523899,"Petite","Éducation","Quebec","Vol de données personnelles",0
4396271943,"Grande","Éducation","Ontario","Attaque par déni de service",17
3817294139,"Moyenne","Finance","Quebec","Attaque par déni de service",12
5821501026,"Moyenne","Santé","Quebec","Attaque par déni de service",5
1339129147,"Petite","Santé","Quebec","Attaque par rançongiciel",6
7664706964,"Petite","Technologie","Quebec","Attaque par rançongiciel",8
409520732,"Moyenne","Éducation","Quebec","Espionnage industriel",13
1949519451,"Petite","Finance","Ontario","Espionnage industriel",7
8296185351,"Moyenne","Éducation","Quebec","Vol de données personnelles",16
8359158458,"Moyenne","Technologie","Ontario","Vol de données personnelles",13
5088670971,"Petite","Santé","Quebec","Vol de données personnelles",9
5396951586,"Grande","Finance","Quebec","Attaque par déni de service",12
412300353,"Petite","Éducation","Quebec","Vol de données personnelles",5
9870116216,"Petite","Éducation","Ontario","Vol de données personnelles",0
2481855940,"Petite","Finance","Quebec","Attaque par déni de service",8
2588308478,"Grande","Finance","Quebec","Vol de données personnelles",13
5661466702,"Moyenne","Santé","Quebec","Attaque par déni de service",6
3284805070,"Grande","Finance","Ontario","Vol de données personnelles",19
577167797,"Moyenne","Finance","Ontario","Vol de données personnelles",12
3251171361,"Moyenne","Santé","Quebec","Attaque par déni de service",8
3279403254,"Moyenne","Éducation","Ontario","Espionnage industriel",6
2607310481,"Petite","Technologie","Ontario","Attaque par déni de service",0
5187292856,"Petite","Éducation","Quebec","Attaque par déni de service",5
9074244580,"Moyenne","Finance","Quebec","Espionnage industriel",14
2121309061,"Petite","Technologie","Ontario","Espionnage industriel",11
5619516290,"Moyenne","Santé","Ontario","Vol de données personnelles",12
703626455,"Grande","Éducation","Ontario","Vol de données personnelles",14
549465690,"Petite","Santé","Quebec","Espionnage industriel",5
1038471415,"Petite","Finance","Quebec","Attaque par déni de service",11
421363710,"Grande","Santé","Quebec","Attaque par déni de service",15
2726209713,"Moyenne","Technologie","Quebec","Attaque par déni de service",9
8798690006,"Moyenne","Santé","Quebec","Attaque par rançongiciel",11
6310010170,"Moyenne","Éducation","Ontario","Espionnage industriel",15
798247920,"Petite","Éducation","Quebec","Attaque par déni de service",1
7107121087,"Petite","Éducation","Quebec","Vol de données personnelles",3
1926284787,"Grande","Technologie","Quebec","Espionnage industriel",16
9618319627,"Grande","Technologie","Ontario","Attaque par déni de service",16
5909454094,"Moyenne","Finance","Quebec","Attaque par rançongiciel",4
811377230,"Moyenne","Santé","Ontario","Attaque par déni de service",9
3347817224,"Petite","Technologie","Ontario","Espionnage industriel",8
5549389902,"Moyenne","Technologie","Quebec","Attaque par déni de service",10
7207233219,"Moyenne","Éducation","Quebec","Attaque par rançongiciel",8
9127690844,"Moyenne","Technologie","Ontario","Vol de données personnelles",11
7532820761,"Grande","Technologie","Quebec","Attaque par déni de service",10
2347645733,"Moyenne","Éducation","Ontario","Espionnage industriel",7
1404355224,"Petite","Technologie","Ontario","Espionnage industriel",4
6958965477,"Moyenne","Finance","Quebec","Espionnage industriel",7
1674898250,"Petite","Santé","Quebec","Espionnage industriel",5
2674704764,"Petite","Technologie","Quebec","Attaque par déni de service",6
5449804360,"Grande","Technologie","Ontario","Attaque par déni de service",12
616501460,"Moyenne","Finance","Ontario","Vol de données personnelles",13
7705874456,"Moyenne","Technologie","Ontario","Espionnage industriel",10
5673099753,"Moyenne","Technologie","Quebec","Vol de données personnelles",13
948187993,"Petite","Santé","Quebec","Attaque par rançongiciel",0
6586034801,"Moyenne","Finance","Quebec","Attaque par déni de service",5
8893544343,"Grande","Finance","Ontario","Espionnage industriel",19
1899349811,"Petite","Finance","Quebec","Attaque par déni de service",11
3266092381,"Moyenne","Technologie","Quebec","Attaque par rançongiciel",14
8981525062,"Moyenne","Technologie","Quebec","Vol de données personnelles",9
284264647,"Petite","Technologie","Quebec","Espionnage industriel",9
9094847310,"Moyenne","Éducation","Quebec","Espionnage industriel",9
5977503049,"Moyenne","Éducation","Quebec","Attaque par rançongiciel",13
5437190499,"Petite","Santé","Ontario","Vol de données personnelles",5
4938911144,"Moyenne","Santé","Quebec","Attaque par rançongiciel",15
2623687504,"Petite","Éducation","Quebec","Espionnage industriel",6
2250779097,"Grande","Finance","Quebec","Attaque par déni de service",11
7258171079,"Grande","Finance","Quebec","Vol de données personnelles",19
2568873935,"Grande","Finance","Ontario","Attaque par rançongiciel",11
8809172405,"Grande","Finance","Quebec","Espionnage industriel",15
6732073720,"Moyenne","Finance","Quebec","Espionnage industriel",7
2901361900,"Moyenne","Santé","Quebec","Espionnage industriel",6
9963648879,"Grande","Technologie","Quebec","Vol de données personnelles",16
2670682953,"Moyenne","Éducation","Ontario","Attaque par déni de service",13
8898372331,"Grande","Éducation","Quebec","Attaque par rançongiciel",18
5515640531,"Grande","Santé","Quebec","Attaque par rançongiciel",11
8315986402,"Petite","Santé","Quebec","Vol de données personnelles",2
1401893660,"Grande","Éducation","Quebec","Vol de données personnelles",9
6780372151,"Grande","Santé","Ontario","Attaque par rançongiciel",18
7897399337,"Petite","Éducation","Quebec","Attaque par déni de service",2
5833591709,"Moyenne","Finance","Quebec","Espionnage industriel",9
1282246793,"Grande","Technologie","Quebec","Vol de données personnelles",17
9975690829,"Moyenne","Technologie","Ontario","Espionnage industriel",12
6438731565,"Grande","Éducation","Quebec","Espionnage industriel",19
6492809042,"Petite","Finance","Quebec","Espionnage industriel",7
4963462438,"Petite","Éducation","Quebec","Attaque par déni de service",4
2152868578,"Grande","Finance","Quebec","Attaque par rançongiciel",19
7102857234,"Grande","Technologie","Quebec","Vol de données personnelles",20
1189043685,"Moyenne","Technologie","Quebec","Attaque par déni de service",12
8612649747,"Grande","Technologie","Ontario","Attaque par déni de service",9
4499366766,"Grande","Éducation","Quebec","Attaque par déni de service",16
1390949745,"Petite","Éducation","Quebec","Attaque par déni de service",6
2279948765,"Moyenne","Éducation","Ontario","Attaque par déni de service",4
8921849772,"Grande","Santé","Quebec","Espionnage industriel",16
6670105859,"Petite","Finance","Quebec","Vol de données personnelles",1
2306445671,"Petite","Éducation","Ontario","Vol de données personnelles",4
2505768048,"Grande","Finance","Quebec","Espionnage industriel",19
6550920445,"Moyenne","Finance","Quebec","Espionnage industriel",8
5907857424,"Moyenne","Santé","Ontario","Attaque par déni de service",7
103917345,"Moyenne","Santé","Quebec","Espionnage industriel",16
4619876497,"Grande","Éducation","Ontario","Attaque par rançongiciel",17
7730801139,"Moyenne","Éducation","Quebec","Espionnage industriel",13
2814262054,"Moyenne","Technologie","Quebec","Attaque par rançongiciel",4
6072580246,"Petite","Finance","Quebec","Espionnage industriel",6
3634133959,"Petite","Finance","Quebec","Attaque par rançongiciel",4
3621139955,"Grande","Technologie","Quebec","Attaque par rançongiciel",19
3018463075,"Moyenne","Santé","Quebec","Attaque par déni de service",9
5272706669,"Petite","Finance","Ontario","Attaque par déni de service",2
7642427127,"Petite","Finance","Quebec","Attaque par rançongiciel",7
6040760060,"Petite","Technologie","Ontario","Espionnage industriel",4
515049241,"Petite","Finance","Quebec","Espionnage industriel",4
2930669945,"Moyenne","Technologie","Quebec","Vol de données personnelles",8
1739779825,"Moyenne","Éducation","Ontario","Espionnage industriel",13
9169266543,"Grande","Technologie","Quebec","Attaque par déni de service",14
8544209529,"Grande","Technologie","Ontario","Vol de données personnelles",21
9140559761,"Petite","Éducation","Ontario","Vol de données personnelles",1
8353627511,"Grande","Finance","Quebec","Espionnage industriel",16
7235761720,"Grande","Éducation","Ontario","Espionnage industriel",17
4755147984,"Moyenne","Éducation","Quebec","Attaque par déni de service",10
3853736785,"Moyenne","Technologie","Quebec","Attaque par rançongiciel",9
4215781462,"Petite","Technologie","Quebec","Attaque par déni de service",5
2326216286,"Petite","Éducation","Ontario","Vol de données personnelles",6
7871841176,"Grande","Éducation","Ontario","Attaque par rançongiciel",17
3339229832,"Petite","Santé","Quebec","Espionnage industriel",5
6133161230,"Moyenne","Finance","Quebec","Attaque par rançongiciel",5
8347568420,"Petite","Éducation","Ontario","Attaque par rançongiciel",9
3314937435,"Moyenne","Éducation","Quebec","Espionnage industriel",11
7156607840,"Grande","Éducation","Quebec","Attaque par déni de service",20
8644799460,"Petite","Santé","Quebec","Attaque par rançongiciel",0
2056308867,"Petite","Technologie","Quebec","Attaque par rançongiciel",2
3854683114,"Grande","Éducation","Ontario","Attaque par déni de service",13
7096192147,"Grande","Éducation","Quebec","Espionnage industriel",15
8905124832,"Moyenne","Technologie","Quebec","Attaque par déni de service",10
4612724268,"Moyenne","Éducation","Ontario","Espionnage industriel",10
5301757904,"Petite","Éducation","Ontario","Vol de données personnelles",2
9592614101,"Moyenne","Technologie","Quebec","Attaque par rançongiciel",9
267261189,"Grande","Finance","Ontario","Attaque par déni de service",13
5398971063,"Petite","Santé","Quebec","Attaque par rançongiciel",5
4694193731,"Moyenne","Finance","Ontario","Attaque par déni de service",7
6049480422,"Grande","Technologie","Quebec","Vol de données personnelles",14
7915631970,"Grande","Technologie","Quebec","Vol de données personnelles",14
7632547527,"Grande","Finance","Quebec","Attaque par rançongiciel",15
4111805394,"Petite","Éducation","Quebec","Attaque par rançongiciel",0
3150236409,"Grande","Santé","Ontario","Attaque par déni de service",17
1147795994,"Grande","Éducation","Quebec","Espionnage industriel",18
740628685,"Grande","Technologie","Quebec","Espionnage industriel",13
2768516521,"Moyenne","Finance","Quebec","Espionnage industriel",4
6505721201,"Moyenne","Santé","Quebec","Attaque par rançongiciel",7
1618071776,"Grande","Finance","Quebec","Espionnage industriel",20
267892319,"Grande","Éducation","Quebec","Attaque par déni de service",13
1739117949,"Petite","Technologie","Ontario","Attaque par rançongiciel",3
1503148338,"Grande","Santé","Quebec","Attaque par rançongiciel",11
8913092990,"Moyenne","Finance","Quebec","Vol de données personnelles",7
1091339175,"Moyenne","Finance","Quebec","Attaque par déni de service",7
2920728248,"Moyenne","Technologie","Quebec","Vol de données personnelles",4
498643983,"Moyenne","Finance","Ontario","Attaque par rançongiciel",12
1644489821,"Moyenne","Finance","Quebec","Attaque par rançongiciel",7
643256554,"Grande","Éducation","Quebec","Espionnage industriel",13
8883337808,"Petite","Finance","Ontario","Attaque par déni de service",9
9823604201,"Petite","Finance","Ontario","Attaque par déni de service",4
3162589606,"Grande","Technologie","Ontario","Attaque par rançongiciel",16
8807404744,"Moyenne","Santé","Ontario","Attaque par déni de service",11
7660987275,"Moyenne","Technologie","Quebec","Vol de données personnelles",13
5061492617,"Grande","Éducation","Ontario","Espionnage industriel",13
2943211171,"Moyenne","Éducation","Quebec","Attaque par déni de service",10
2937683094,"Grande","Éducation","Quebec","Attaque par rançongiciel",18
148685622,"Grande","Éducation","Quebec","Attaque par déni de service",12
6877972360,"Grande","Éducation","Ontario","Espionnage industriel",13
3619330615,"Grande","Santé","Quebec","Attaque par déni de service",7
9197153779,"Moyenne","Éducation","Quebec","Attaque par déni de service",10
5894354692,"Petite","Technologie","Quebec","Espionnage industriel",6
8581774595,"Petite","Santé","Quebec","Espionnage industriel",5
6540332183,"Grande","Éducation","Quebec","Vol de données personnelles",15
7887637400,"Moyenne","Santé","Quebec","Attaque par déni de service",19
3881304431,"Petite","Éducation","Quebec","Attaque par déni de service",2
9488825588,"Petite","Finance","Quebec","Espionnage industriel",5
1781779490,"Grande","Finance","Quebec","Espionnage industriel",13
1603173383,"Petite","Éducation","Quebec","Attaque par rançongiciel",6
895047640,"Grande","Éducation","Quebec","Attaque par rançongiciel",17
1774862679,"Moyenne","Technologie","Ontario","Attaque par déni de service",15
4192125653,"Moyenne","Santé","Quebec","Attaque par rançongiciel",9
4770210839,"Grande","Technologie","Quebec","Attaque par rançongiciel",14
1481927773,"Grande","Éducation","Quebec","Attaque par rançongiciel",17
701915270,"Petite","Éducation","Quebec","Vol de données personnelles",0
7776260953,"Moyenne","Éducation","Quebec","Attaque par déni de service",11
3690867658,"Grande","Finance","Quebec","Attaque par rançongiciel",16
8841876361,"Grande","Technologie","Quebec","Attaque par déni de service",14
9147435481,"Grande","Santé","Ontario","Attaque par rançongiciel",12
5320978219,"Moyenne","Éducation","Quebec","Espionnage industriel",5
991273877,"Petite","Santé","Quebec","Attaque par déni de service",3
5791491425,"Petite","Santé","Ontario","Vol de données personnelles",3
9219457575,"Petite","Technologie","Quebec","Espionnage industriel",7
4255193791,"Moyenne","Santé","Quebec","Attaque par déni de service",13
4001251998,"Moyenne","Santé","Quebec","Espionnage industriel",6
3787619582,"Grande","Finance","Quebec","Espionnage industriel",11
452755327,"Grande","Finance","Quebec","Attaque par déni de service",13
5575898594,"Grande","Technologie","Ontario","Attaque par rançongiciel",16
8900189067,"Grande","Éducation","Quebec","Attaque par déni de service",12
9384283085,"Petite","Santé","Quebec","Espionnage industriel",6
8302710866,"Grande","Finance","Quebec","Vol de données personnelles",16
3000222422,"Moyenne","Finance","Quebec","Vol de données personnelles",7
3953531784,"Petite","Éducation","Quebec","Attaque par rançongiciel",0
7691667623,"Petite","Éducation","Quebec","Vol de données personnelles",6
2231500657,"Grande","Santé","Quebec","Espionnage industriel",17
145507738,"Petite","Finance","Ontario","Attaque par rançongiciel",4
431629206,"Petite","Finance","Quebec","Espionnage industriel",10
1582701164,"Grande","Éducation","Ontario","Espionnage industriel",13
3196396115,"Moyenne","Finance","Ontario","Attaque par déni de service",10
1022507272,"Petite","Technologie","Quebec","Attaque par déni de service",1
6868626764,"Petite","Santé","Ontario","Attaque par déni de service",3
2595003400,"Petite","Finance","Quebec","Espionnage industriel",8
6792713673,"Grande","Santé","Quebec","Attaque par déni de service",15
7486364554,"Moyenne","Santé","Ontario","Attaque par rançongiciel",11
4817044140,"Petite","Finance","Quebec","Attaque par rançongiciel",10
9356812154,"Moyenne","Santé","Quebec","Espionnage industriel",10
2423356559,"Moyenne","Finance","Ontario","Attaque par rançongiciel",9
4937185842,"Moyenne","Finance","Quebec","Espionnage industriel",7
5495455092,"Grande","Finance","Quebec","Espionnage industriel",17
1999646431,"Grande","Finance","Quebec","Vol de données personnelles",16
4588139673,"Grande","Technologie","Quebec","Attaque par rançongiciel",12
4786537308,"Moyenne","Technologie","Ontario","Espionnage industriel",13
3601459149,"Moyenne","Santé","Ontario","Espionnage industriel",10
2163122443,"Petite","Santé","Quebec","Attaque par rançongiciel",9
7044715139,"Petite","Santé","Ontario","Attaque par rançongiciel",9
5291098667,"Petite","Éducation","Quebec","Vol de données personnelles",5
7694714053,"Moyenne","Technologie","Ontario","Attaque par rançongiciel",13
9093653305,"Grande","Finance","Quebec","Vol de données personnelles",21
5856276170,"Petite","Éducation","Quebec","Vol de données personnelles",6
7394676418,"Petite","Finance","Quebec","Attaque par rançongiciel",1
5916266544,"Grande","Santé","Ontario","Espionnage industriel",20
3599199227,"Grande","Santé","Quebec","Attaque par rançongiciel",9
613954221,"Moyenne","Technologie","Quebec","Espionnage industriel",12
9039661400,"Grande","Technologie","Quebec","Attaque par déni de service",12
1263149392,"Petite","Technologie","Quebec","Vol de données personnelles",5
3510866066,"Grande","Éducation","Quebec","Vol de données personnelles",13
4112519825,"Moyenne","Santé","Quebec","Vol de données personnelles",15
8251426665,"Grande","Santé","Quebec","Espionnage industriel",15
4225944836,"Moyenne","Éducation","Ontario","Espionnage industriel",7
1695524458,"Moyenne","Technologie","Quebec","Attaque par déni de service",10
2674189459,"Petite","Éducation","Quebec","Attaque par rançongiciel",5
1793867255,"Moyenne","Santé","Quebec","Vol de données personnelles",12
8398592117,"Grande","Finance","Quebec","Vol de données personnelles",16
4491984767,"Moyenne","Technologie","Quebec","Espionnage industriel",9
9080430684,"Petite","Technologie","Quebec","Vol de données personnelles",4
9239202527,"Grande","Santé","Quebec","Vol de données personnelles",11
1795454709,"Grande","Éducation","Quebec","Espionnage industriel",15
5634307485,"Moyenne","Éducation","Quebec","Attaque par déni de service",8
7421922189,"Petite","Éducation","Ontario","Attaque par déni de service",10
5510281977,"Grande","Santé","Quebec","Attaque par rançongiciel",18
8447442601,"Grande","Finance","Quebec","Attaque par rançongiciel",10
41124592,"Grande","Technologie","Ontario","Vol de données personnelles",13
4447279324,"Moyenne","Santé","Quebec","Attaque par déni de service",14
9346095426,"Moyenne","Technologie","Ontario","Espionnage industriel",11
5240008911,"Moyenne","Technologie","Quebec","Vol de données personnelles",15
2487927410,"Moyenne","Technologie","Quebec","Attaque par rançongiciel",8
2102383129,"Petite","Finance","Quebec","Attaque par déni de service",0
2088989041,"Petite","Technologie","Quebec","Attaque par déni de service",3
5344975962,"Petite","Technologie","Quebec","Espionnage industriel",6
4205917225,"Moyenne","Finance","Quebec","Attaque par rançongiciel",11
9372150518,"Moyenne","Finance","Quebec","Attaque par rançongiciel",12
6715986066,"Moyenne","Santé","Ontario","Attaque par rançongiciel",7
286151086,"Moyenne","Technologie","Quebec","Attaque par rançongiciel",10
178354221,"Moyenne","Santé","Ontario","Espionnage industriel",4
3411106860,"Petite","Éducation","Quebec","Attaque par déni de service",3
425106072,"Moyenne","Éducation","Quebec","Attaque par rançongiciel",7
3373043563,"Moyenne","Éducation","Quebec","Espionnage industriel",13
7727183949,"Petite","Éducation","Ontario","Attaque par déni de service",1
290159414,"Petite","Technologie","Quebec","Attaque par rançongiciel",4
1135694022,"Moyenne","Éducation","Quebec","Attaque par déni de service",9
2188649510,"Moyenne","Finance","Quebec","Attaque par déni de service",15
1042454412,"Grande","Technologie","Ontario","Attaque par rançongiciel",17
9085292267,"Moyenne","Santé","Ontario","Attaque par rançongiciel",14
447203713,"Petite","Éducation","Quebec","Espionnage industriel",9
1332812314,"Moyenne","Santé","Quebec","Attaque par déni de service",10
9948952682,"Moyenne","Santé","Quebec","Espionnage industriel",11
1305974570,"Moyenne","Santé","Ontario","Attaque par rançongiciel",9
365162105,"Moyenne","Santé","Ontario","Espionnage industriel",11
8566015832,"Moyenne","Santé","Quebec","Attaque par déni de service",15
7029347053,"Grande","Éducation","Ontario","Attaque par déni de service",16
5702925261,"Moyenne","Éducation","Quebec","Attaque par déni de service",9
1958186388,"Grande","Santé","Quebec","Vol de données personnelles",12
622957438,"Moyenne","Éducation","Ontario","Attaque par déni de service",8
5958186891,"Grande","Éducation","Ontario","Attaque par déni de service",16
1420847098,"Grande","Éducation","Quebec","Attaque par déni de service",20
8770495016,"Petite","Technologie","Quebec","Attaque par déni de service",1
119776261,"Petite","Finance","Ontario","Attaque par déni de service",0
8825179572,"Grande","Technologie","Quebec","Attaque par rançongiciel",17
2913273540,"Moyenne","Finance","Ontario","Vol de données personnelles",10
7918915172,"Petite","Technologie","Quebec","Vol de données personnelles",4
4983237877,"Petite","Santé","Ontario","Attaque par rançongiciel",14
9835391746,"Petite","Santé","Quebec","Espionnage industriel",5
9595573996,"Petite","Santé","Quebec","Attaque par rançongiciel",5
6012259431,"Petite","Éducation","Quebec","Attaque par rançongiciel",5
6061740260,"Petite","Finance","Quebec","Attaque par rançongiciel",7
6953342273,"Moyenne","Finance","Ontario","Attaque par déni de service",8
6648914729,"Grande","Éducation","Ontario","Espionnage industriel",21
7228909300,"Grande","Finance","Ontario","Vol de données personnelles",15
820924576,"Petite","Technologie","Quebec","Attaque par rançongiciel",4
8824937762,"Petite","Santé","Ontario","Vol de données personnelles",5
1698999202,"Moyenne","Santé","Quebec","Attaque par rançongiciel",10
2887634392,"Grande","Technologie","Quebec","Vol de données personnelles",22
9307391868,"Moyenne","Finance","Quebec","Vol de données personnelles",5
6307177893,"Grande","Technologie","Ontario","Vol de données personnelles",15
11399482,"Grande","Technologie","Quebec","Attaque par déni de service",16
1796515753,"Moyenne","Santé","Quebec","Espionnage industriel",10
9062030011,"Petite","Finance","Ontario","Attaque par rançongiciel",5
7992737657,"Grande","Technologie","Quebec","Espionnage industriel",15
5015639815,"Grande","Éducation","Quebec","Vol de données personnelles",10
7826265944,"Petite","Technologie","Quebec","Attaque par déni de service",5
3557925941,"Grande","Technologie","Ontario","Attaque par rançongiciel",13
7323150094,"Moyenne","Santé","Quebec","Attaque par déni de service",11
7798714866,"Grande","Finance","Quebec","Attaque par rançongiciel",11
8217446103,"Petite","Santé","Quebec","Attaque par déni de service",1
2744217838,"Grande","Finance","Ontario","Espionnage industriel",18
51991017,"Moyenne","Santé","Quebec","Espionnage industriel",9
2677593538,"Moyenne","Technologie","Quebec","Espionnage industriel",14
5911515027,"Moyenne","Finance","Quebec","Vol de données personnelles",11
7048058997,"Moyenne","Technologie","Quebec","Attaque par rançongiciel",12
474115166,"Grande","Technologie","Quebec","Espionnage industriel",18
4442655135,"Petite","Finance","Quebec","Espionnage industriel",6
4941595937,"Moyenne","Technologie","Quebec","Attaque par rançongiciel",10
7399864245,"Petite","Technologie","Quebec","Espionnage industriel",7
2455804557,"Petite","Finance","Quebec","Attaque par rançongiciel",6
8245139239,"Grande","Éducation","Ontario","Espionnage industriel",17
1921998904,"Grande","Éducation","Quebec","Vol de données personnelles",12
7745686317,"Grande","Technologie","Quebec","Attaque par rançongiciel",18
5779219325,"Petite","Santé","Quebec","Attaque par déni de service",6
3212642536,"Grande","Technologie","Quebec","Espionnage industriel",17
9340981621,"Moyenne","Technologie","Ontario","Attaque par rançongiciel",15
1511578808,"Grande","Finance","Quebec","Espionnage industriel",14
4593565285,"Grande","Technologie","Quebec","Attaque par déni de service",15
1620838010,"Grande","Technologie","Quebec","Espionnage industriel",17
8458168348,"Moyenne","Éducation","Ontario","Attaque par rançongiciel",10
1551949713,"Moyenne","Technologie","Quebec","Attaque par déni de service",7
2121810239,"Grande","Éducation","Quebec","Espionnage industriel",13
2505412232,"Moyenne","Santé","Quebec","Espionnage industriel",8
2281838772,"Grande","Technologie","Ontario","Vol de données personnelles",16
309344937,"Grande","Éducation","Quebec","Vol de données personnelles",14
811095098,"Moyenne","Finance","Quebec","Attaque par déni de service",13
7448699028,"Grande","Éducation","Quebec","Vol de données personnelles",16
4619078084,"Grande","Finance","Quebec","Attaque par déni de service",16
3118790620,"Grande","Finance","Ontario","Vol de données personnelles",11
4389263730,"Grande","Finance","Ontario","Attaque par déni de service",14
7893048919,"Petite","Éducation","Quebec","Vol de données personnelles",6
6594696225,"Grande","Technologie","Quebec","Vol de données personnelles",14
7291919530,"Petite","Finance","Quebec","Attaque par rançongiciel",3
4178867331,"Petite","Finance","Quebec","Attaque par rançongiciel",2
6749368340,"Petite","Technologie","Ontario","Vol de données personnelles",2
8908217175,"Grande","Éducation","Quebec","Attaque par rançongiciel",12
5132975236,"Moyenne","Technologie","Ontario","Vol de données personnelles",8
6485222476,"Grande","Santé","Quebec","Vol de données personnelles",16
2658033312,"Moyenne","Finance","Quebec","Attaque par déni de service",16
1508762487,"Petite","Finance","Quebec","Attaque par rançongiciel",6
9534144068,"Grande","Éducation","Ontario","Vol de données personnelles",9
6516097595,"Grande","Technologie","Quebec","Vol de données personnelles",16
5878627917,"Grande","Finance","Quebec","Vol de données personnelles",18
3743184527,"Petite","Finance","Quebec","Attaque par déni de service",5
7437915190,"Petite","Éducation","Ontario","Attaque par déni de service",3
3343593074,"Grande","Éducation","Quebec","Attaque par déni de service",17
8361282310,"Petite","Technologie","Quebec","Vol de données personnelles",4
5721009612,"Grande","Finance","Quebec","Attaque par rançongiciel",18
7582271192,"Moyenne","Finance","Ontario","Attaque par déni de service",12
7556051013,"Grande","Technologie","Quebec","Espionnage industriel",11
2646687742,"Grande","Finance","Ontario","Vol de données personnelles",11
571833894,"Moyenne","Éducation","Quebec","Vol de données personnelles",9
3541911398,"Petite","Éducation","Quebec","Espionnage industriel",2
4232192947,"Moyenne","Finance","Quebec","Vol de données personnelles",11
5866803327,"Petite","Santé","Quebec","Vol de données personnelles",0
2011129501,"Grande","Technologie","Ontario","Attaque par rançongiciel",12
5622788216,"Petite","Technologie","Quebec","Attaque par déni de service",5
7990237997,"Moyenne","Finance","Quebec","Espionnage industriel",7
2351584014,"Moyenne","Technologie","Ontario","Attaque par rançongiciel",6
2097023242,"Petite","Santé","Ontario","Espionnage industriel",8
3263864922,"Petite","Éducation","Quebec","Vol de données personnelles",5
9617521182,"Moyenne","Éducation","Ontario","Espionnage industriel",10
9595348941,"Moyenne","Éducation","Ontario","Attaque par rançongiciel",10
2701443629,"Grande","Santé","Ontario","Espionnage industriel",13
2158987646,"Petite","Santé","Ontario","Espionnage industriel",6
466048844,"Grande","Technologie","Quebec","Espionnage industriel",18
2310174614,"Moyenne","Finance","Ontario","Espionnage industriel",11
503136247,"Grande","Santé","Quebec","Espionnage industriel",16
6121909807,"Moyenne","Technologie","Quebec","Attaque par déni de service",10
6333047024,"Grande","Technologie","Quebec","Attaque par rançongiciel",12
7629540479,"Petite","Technologie","Ontario","Espionnage industriel",2
8132910122,"Grande","Finance","Quebec","Attaque par déni de service",16
5081444476,"Grande","Finance","Quebec","Attaque par rançongiciel",16
54705418,"Moyenne","Santé","Quebec","Vol de données personnelles",12
1546599099,"Grande","Éducation","Quebec","Attaque par déni de service",12
4580610221,"Moyenne","Technologie","Ontario","Espionnage industriel",12
9057153752,"Petite","Santé","Quebec","Attaque par rançongiciel",5
7726154711,"Grande","Finance","Ontario","Attaque par déni de service",15
736449758,"Moyenne","Finance","Ontario","Vol de données personnelles",8
7974949325,"Grande","Finance","Quebec","Attaque par déni de service",22
5574789769,"Petite","Santé","Ontario","Attaque par rançongiciel",8
1713182108,"Moyenne","Technologie","Quebec","Vol de données personnelles",9
8491229965,"Grande","Éducation","Quebec","Attaque par rançongiciel",12
3737250508,"Petite","Finance","Quebec","Espionnage industriel",5
2796646616,"Grande","Finance","Ontario","Attaque par rançongiciel",18
4922046806,"Petite","Technologie","Quebec","Vol de données personnelles",3
3101462468,"Petite","Santé","Quebec","Attaque par rançongiciel",4
7469879553,"Petite","Finance","Quebec","Attaque par déni de service",0
3600713312,"Petite","Santé","Quebec","Attaque par déni de service",8
5329105710,"Petite","Éducation","Quebec","Attaque par rançongiciel",11
9314566666,"Petite","Technologie","Quebec","Espionnage industriel",6
3876901729,"Moyenne","Éducation","Ontario","Attaque par rançongiciel",10
9510824483,"Grande","Technologie","Ontario","Attaque par rançongiciel",14
1526266667,"Grande","Technologie","Ontario","Espionnage industriel",19
197829012,"Petite","Technologie","Quebec","Attaque par rançongiciel",11
9849762884,"Petite","Technologie","Quebec","Espionnage industriel",1
2927376649,"Petite","Santé","Quebec","Espionnage industriel",5
9143866664,"Grande","Technologie","Quebec","Vol de données personnelles",15
9926370582,"Grande","Technologie","Quebec","Attaque par rançongiciel",18
2131093395,"Grande","Santé","Quebec","Espionnage industriel",16
4229486450,"Moyenne","Éducation","Ontario","Vol de données personnelles",11
7645279463,"Petite","Éducation","Quebec","Attaque par déni de service",5
1059799353,"Grande","Santé","Quebec","Attaque par déni de service",12
640465478,"Grande","Éducation","Quebec","Vol de données personnelles",12
6097130527,"Petite","Éducation","Ontario","Attaque par déni de service",9
6198998996,"Grande","Technologie","Ontario","Attaque par rançongiciel",13
331942450,"Petite","Finance","Ontario","Attaque par déni de service",6
2197715606,"Moyenne","Technologie","Quebec","Espionnage industriel",5
8048612450,"Petite","Santé","Ontario","Vol de données personnelles",14
5667741657,"Petite","Finance","Quebec","Vol de données personnelles",4
4216218988,"Grande","Éducation","Quebec","Espionnage industriel",13
395277539,"Grande","Éducation","Ontario","Attaque par déni de service",16
4838632063,"Moyenne","Santé","Ontario","Espionnage industriel",7
3683658390,"Moyenne","Finance","Quebec","Espionnage industriel",7
296131999,"Grande","Éducation","Quebec","Vol de données personnelles",15
4989877635,"Grande","Éducation","Quebec","Attaque par rançongiciel",21
7704592794,"Petite","Finance","Quebec","Attaque par rançongiciel",4
8659861273,"Moyenne","Éducation","Quebec","Vol de données personnelles",8
758702137,"Moyenne","Technologie","Quebec","Attaque par déni de service",14
7014776409,"Moyenne","Technologie","Quebec","Attaque par rançongiciel",7
8808877211,"Petite","Finance","Quebec","Vol de données personnelles",1
7698684278,"Grande","Éducation","Quebec","Vol de données personnelles",10
9125720956,"Grande","Éducation","Quebec","Attaque par rançongiciel",17
1338668826,"Moyenne","Éducation","Ontario","Attaque par déni de service",9
5297124899,"Petite","Santé","Quebec","Vol de données personnelles",3
6077939058,"Grande","Finance","Quebec","Vol de données personnelles",8
2913165589,"Moyenne","Santé","Quebec","Espionnage industriel",6
2871861048,"Grande","Éducation","Ontario","Vol de données personnelles",14
4995003963,"Petite","Santé","Ontario","Espionnage industriel",4
8585326356,"Grande","Éducation","Quebec","Espionnage industriel",17
465295531,"Moyenne","Technologie","Quebec","Vol de données personnelles",12
8080315850,"Grande","Santé","Quebec","Attaque par rançongiciel",15
5292220460,"Petite","Santé","Quebec","Vol de données personnelles",5
9231049554,"Moyenne","Éducation","Quebec","Vol de données personnelles",11
8226731505,"Grande","Santé","Quebec","Espionnage industriel",14
3635790892,"Petite","Éducation","Quebec","Vol de données personnelles",9
9272682326,"Moyenne","Finance","Ontario","Attaque par déni de service",4
9913108379,"Grande","Technologie","Quebec","Attaque par déni de service",18
7706293666,"Petite","Éducation","Ontario","Attaque par rançongiciel",4
300685943,"Petite","Éducation","Ontario","Attaque par déni de service",7
9976618094,"Moyenne","Technologie","Quebec","Attaque par rançongiciel",8
