langue,montant,vecteur_attaque,systeme_operation
allemand,316,courriel,mac
allemand,284,courriel,mac
allemand,296,courriel,mac
allemand,325,courriel,mac
allemand,293,courriel,mac
allemand,308,courriel,mac
allemand,311,courriel,windows
allemand,306,courriel,windows
allemand,305,courriel,windows
allemand,312,courriel,windows
allemand,277,courriel,windows
allemand,298,courriel,windows
allemand,314,courriel,windows
allemand,304,courriel,windows
allemand,313,courriel,windows
allemand,297,courriel,windows
allemand,303,courriel,windows
allemand,298,courriel,windows
allemand,317,courriel,windows
allemand,306,courriel,windows
allemand,307,courriel,windows
allemand,270,courriel,windows
allemand,307,courriel,windows
allemand,305,courriel,windows
allemand,306,courriel,windows
allemand,302,courriel,windows
allemand,291,courriel,windows
allemand,301,courriel,windows
allemand,313,courriel,windows
allemand,315,courriel,windows
allemand,299,courriel,windows
allemand,303,courriel,windows
allemand,312,courriel,windows
allemand,311,courriel,windows
allemand,319,courriel,windows
allemand,293,courriel,windows
allemand,306,courriel,windows
allemand,297,courriel,windows
allemand,304,courriel,windows
allemand,283,courriel,windows
allemand,302,courriel,windows
allemand,301,courriel,windows
allemand,295,courriel,windows
allemand,282,courriel,windows
allemand,283,courriel,windows
allemand,300,courriel,windows
allemand,307,courriel,windows
allemand,292,courriel,windows
allemand,314,courriel,windows
allemand,300,courriel,windows
allemand,301,courriel,windows
allemand,302,courriel,windows
allemand,302,courriel,windows
allemand,299,courriel,windows
allemand,309,courriel,windows
allemand,291,courriel,windows
allemand,299,courriel,windows
allemand,278,courriel,windows
allemand,307,courriel,windows
allemand,312,courriel,windows
allemand,317,courriel,windows
allemand,296,courriel,windows
allemand,293,courriel,windows
allemand,303,courriel,windows
allemand,283,courriel,windows
allemand,299,courriel,windows
allemand,288,courriel,windows
allemand,313,courriel,windows
allemand,303,courriel,windows
allemand,290,courriel,windows
allemand,292,courriel,windows
allemand,298,courriel,windows
allemand,288,courriel,windows
allemand,291,courriel,windows
allemand,284,courriel,windows
allemand,302,courriel,windows
allemand,299,courriel,windows
allemand,278,vulnerabilite,windows
allemand,289,vulnerabilite,windows
allemand,301,vulnerabilite,windows
allemand,289,vulnerabilite,windows
allemand,293,vulnerabilite,windows
allemand,303,vulnerabilite,windows
allemand,282,vulnerabilite,windows
allemand,291,vulnerabilite,windows
allemand,292,vulnerabilite,windows
allemand,279,vulnerabilite,windows
allemand,303,vulnerabilite,windows
allemand,282,vulnerabilite,windows
allemand,297,vulnerabilite,windows
allemand,299,vulnerabilite,windows
allemand,287,vulnerabilite,windows
allemand,304,vulnerabilite,windows
allemand,296,vulnerabilite,windows
allemand,309,vulnerabilite,windows
allemand,298,vulnerabilite,windows
allemand,304,vulnerabilite,windows
allemand,299,vulnerabilite,windows
allemand,290,vulnerabilite,windows
allemand,298,vulnerabilite,windows
allemand,284,vulnerabilite,windows
allemand,294,vulnerabilite,windows
allemand,307,vulnerabilite,windows
allemand,311,vulnerabilite,windows
allemand,314,vulnerabilite,windows
allemand,288,vulnerabilite,windows
allemand,298,vulnerabilite,windows
allemand,287,vulnerabilite,windows
allemand,308,vulnerabilite,windows
allemand,302,vulnerabilite,windows
allemand,283,vulnerabilite,windows
allemand,296,vulnerabilite,windows
allemand,279,vulnerabilite,windows
allemand,320,vulnerabilite,windows
allemand,308,vulnerabilite,windows
allemand,303,vulnerabilite,windows
allemand,299,vulnerabilite,windows
allemand,310,vulnerabilite,windows
allemand,292,vulnerabilite,windows
allemand,301,vulnerabilite,windows
allemand,303,vulnerabilite,windows
allemand,286,vulnerabilite,windows
allemand,305,vulnerabilite,windows
allemand,310,vulnerabilite,windows
allemand,299,vulnerabilite,windows
allemand,321,vulnerabilite,windows
allemand,302,vulnerabilite,windows
allemand,281,vulnerabilite,windows
allemand,306,vulnerabilite,windows
allemand,293,vulnerabilite,windows
allemand,313,vulnerabilite,windows
allemand,295,vulnerabilite,windows
allemand,297,vulnerabilite,windows
allemand,322,vulnerabilite,windows
allemand,315,vulnerabilite,windows
allemand,310,vulnerabilite,windows
allemand,308,vulnerabilite,windows
allemand,302,vulnerabilite,windows
allemand,298,vulnerabilite,windows
allemand,291,vulnerabilite,windows
allemand,295,vulnerabilite,windows
allemand,316,vulnerabilite,windows
allemand,281,vulnerabilite,windows
allemand,306,vulnerabilite,windows
allemand,305,vulnerabilite,windows
allemand,287,vulnerabilite,windows
allemand,288,vulnerabilite,windows
allemand,318,vulnerabilite,windows
allemand,313,vulnerabilite,windows
allemand,298,vulnerabilite,windows
allemand,281,vulnerabilite,windows
allemand,296,vulnerabilite,windows
allemand,304,vulnerabilite,windows
allemand,306,vulnerabilite,windows
allemand,308,vulnerabilite,windows
allemand,305,vulnerabilite,windows
allemand,304,vulnerabilite,windows
allemand,305,vulnerabilite,windows
allemand,294,vulnerabilite,windows
allemand,287,vulnerabilite,windows
allemand,284,vulnerabilite,windows
allemand,274,vulnerabilite,windows
allemand,299,vulnerabilite,windows
allemand,295,vulnerabilite,windows
allemand,322,vulnerabilite,windows
allemand,295,vulnerabilite,windows
allemand,308,vulnerabilite,mac
allemand,295,vulnerabilite,mac
allemand,308,vulnerabilite,mac
allemand,290,vulnerabilite,mac
allemand,313,vulnerabilite,mac
allemand,327,vulnerabilite,mac
allemand,318,vulnerabilite,mac
allemand,310,vulnerabilite,mac
allemand,294,vulnerabilite,mac
allemand,314,vulnerabilite,mac
allemand,292,vulnerabilite,mac
allemand,289,vulnerabilite,mac
allemand,285,vulnerabilite,mac
allemand,296,vulnerabilite,mac
allemand,293,vulnerabilite,mac
allemand,312,vulnerabilite,mac
allemand,300,vulnerabilite,mac
allemand,309,vulnerabilite,mac
allemand,296,vulnerabilite,mac
allemand,293,vulnerabilite,mac
allemand,305,vulnerabilite,mac
allemand,295,vulnerabilite,mac
allemand,288,vulnerabilite,mac
allemand,289,vulnerabilite,mac
allemand,302,vulnerabilite,mac
allemand,289,vulnerabilite,mac
allemand,310,vulnerabilite,mac
allemand,295,vulnerabilite,mac
allemand,301,vulnerabilite,mac
allemand,316,vulnerabilite,mac
allemand,294,vulnerabilite,mac
allemand,284,vulnerabilite,mac
allemand,310,vulnerabilite,mac
allemand,286,vulnerabilite,mac
allemand,318,vulnerabilite,mac
allemand,293,vulnerabilite,mac
allemand,309,vulnerabilite,mac
allemand,274,vulnerabilite,mac
allemand,304,vulnerabilite,mac
allemand,306,vulnerabilite,mac
allemand,300,vulnerabilite,mac
allemand,300,vulnerabilite,mac
allemand,298,vulnerabilite,mac
allemand,284,vulnerabilite,mac
allemand,304,vulnerabilite,mac
allemand,291,vulnerabilite,mac
allemand,294,vulnerabilite,mac
allemand,302,vulnerabilite,mac
allemand,308,vulnerabilite,mac
allemand,304,vulnerabilite,mac
allemand,304,vulnerabilite,mac
allemand,324,vulnerabilite,mac
allemand,304,vulnerabilite,mac
allemand,318,vulnerabilite,mac
allemand,274,vulnerabilite,mac
allemand,298,vulnerabilite,mac
allemand,293,vulnerabilite,mac
allemand,300,vulnerabilite,mac
allemand,307,vulnerabilite,mac
allemand,310,vulnerabilite,mac
allemand,272,vulnerabilite,mac
allemand,307,vulnerabilite,mac
allemand,305,vulnerabilite,mac
allemand,301,vulnerabilite,mac
allemand,293,vulnerabilite,mac
allemand,291,vulnerabilite,mac
allemand,308,vulnerabilite,mac
allemand,308,vulnerabilite,mac
allemand,301,vulnerabilite,mac
allemand,313,vulnerabilite,mac
allemand,293,vulnerabilite,mac
allemand,284,vulnerabilite,mac
allemand,280,vulnerabilite,mac
allemand,303,vulnerabilite,mac
allemand,285,vulnerabilite,windows
allemand,296,vulnerabilite,windows
allemand,296,vulnerabilite,windows
allemand,293,vulnerabilite,windows
allemand,297,vulnerabilite,windows
allemand,328,vulnerabilite,windows
allemand,293,vulnerabilite,windows
allemand,320,vulnerabilite,windows
allemand,309,vulnerabilite,windows
allemand,316,vulnerabilite,windows
allemand,295,vulnerabilite,windows
allemand,313,vulnerabilite,windows
allemand,308,vulnerabilite,windows
allemand,312,vulnerabilite,windows
allemand,298,vulnerabilite,windows
allemand,303,vulnerabilite,windows
allemand,305,vulnerabilite,windows
allemand,292,vulnerabilite,windows
allemand,312,vulnerabilite,windows
allemand,299,vulnerabilite,windows
allemand,304,vulnerabilite,windows
allemand,288,vulnerabilite,windows
allemand,295,vulnerabilite,windows
allemand,280,vulnerabilite,windows
allemand,308,vulnerabilite,windows
allemand,310,vulnerabilite,windows
allemand,301,vulnerabilite,windows
allemand,289,vulnerabilite,windows
allemand,299,vulnerabilite,windows
allemand,288,vulnerabilite,windows
allemand,312,vulnerabilite,windows
allemand,280,vulnerabilite,windows
allemand,299,vulnerabilite,windows
allemand,286,vulnerabilite,windows
allemand,274,vulnerabilite,windows
allemand,284,vulnerabilite,windows
allemand,297,vulnerabilite,windows
allemand,290,vulnerabilite,windows
allemand,286,vulnerabilite,windows
allemand,296,vulnerabilite,windows
allemand,311,vulnerabilite,windows
allemand,313,vulnerabilite,windows
allemand,298,vulnerabilite,windows
allemand,303,vulnerabilite,windows
allemand,319,vulnerabilite,windows
allemand,287,vulnerabilite,windows
allemand,289,vulnerabilite,windows
allemand,292,vulnerabilite,windows
allemand,297,vulnerabilite,windows
allemand,312,vulnerabilite,windows
allemand,298,vulnerabilite,windows
allemand,296,vulnerabilite,windows
allemand,313,vulnerabilite,windows
allemand,301,vulnerabilite,windows
allemand,279,vulnerabilite,windows
allemand,308,vulnerabilite,windows
allemand,305,vulnerabilite,windows
allemand,307,vulnerabilite,windows
allemand,303,vulnerabilite,windows
allemand,291,vulnerabilite,windows
allemand,301,vulnerabilite,windows
allemand,310,vulnerabilite,windows
allemand,277,vulnerabilite,windows
allemand,298,vulnerabilite,windows
allemand,321,vulnerabilite,windows
allemand,298,vulnerabilite,windows
allemand,312,vulnerabilite,windows
allemand,290,mot_de_passe,windows
allemand,296,mot_de_passe,windows
allemand,302,mot_de_passe,windows
allemand,305,mot_de_passe,windows
allemand,287,mot_de_passe,windows
allemand,297,mot_de_passe,windows
allemand,314,mot_de_passe,windows
allemand,292,mot_de_passe,windows
allemand,316,mot_de_passe,windows
allemand,279,mot_de_passe,windows
allemand,296,mot_de_passe,windows
allemand,309,mot_de_passe,windows
allemand,307,mot_de_passe,windows
allemand,311,mot_de_passe,windows
allemand,296,mot_de_passe,windows
allemand,311,mot_de_passe,windows
allemand,280,mot_de_passe,windows
allemand,303,mot_de_passe,windows
allemand,292,mot_de_passe,windows
allemand,316,mot_de_passe,windows
allemand,288,mot_de_passe,windows
allemand,296,mot_de_passe,windows
allemand,283,mot_de_passe,windows
allemand,307,mot_de_passe,windows
allemand,297,mot_de_passe,windows
allemand,297,mot_de_passe,windows
allemand,289,mot_de_passe,windows
allemand,301,mot_de_passe,windows
allemand,294,mot_de_passe,mac
allemand,285,mot_de_passe,mac
allemand,295,mot_de_passe,mac
allemand,299,mot_de_passe,mac
anglais,512,courriel,mac
anglais,497,courriel,mac
anglais,504,courriel,mac
anglais,505,courriel,mac
anglais,485,courriel,mac
anglais,493,courriel,mac
anglais,506,courriel,mac
anglais,512,courriel,mac
anglais,498,courriel,mac
anglais,502,courriel,mac
anglais,485,courriel,mac
anglais,489,courriel,windows
anglais,503,courriel,windows
anglais,507,courriel,windows
anglais,501,courriel,windows
anglais,509,courriel,windows
anglais,485,courriel,windows
anglais,507,courriel,windows
anglais,507,courriel,windows
anglais,492,courriel,windows
anglais,513,courriel,windows
anglais,496,courriel,windows
anglais,486,courriel,windows
anglais,496,courriel,windows
anglais,503,courriel,windows
anglais,482,courriel,windows
anglais,524,courriel,windows
anglais,503,courriel,windows
anglais,495,courriel,windows
anglais,499,courriel,windows
anglais,499,courriel,windows
anglais,500,courriel,windows
anglais,474,courriel,windows
anglais,493,courriel,windows
anglais,491,courriel,windows
anglais,514,courriel,windows
anglais,521,courriel,windows
anglais,504,courriel,windows
anglais,491,courriel,windows
anglais,497,courriel,windows
anglais,513,courriel,windows
anglais,501,courriel,windows
anglais,507,courriel,windows
anglais,505,courriel,windows
anglais,491,courriel,windows
anglais,501,courriel,windows
anglais,487,courriel,windows
anglais,509,courriel,windows
anglais,482,courriel,windows
anglais,514,courriel,windows
anglais,502,courriel,windows
anglais,496,courriel,windows
anglais,497,courriel,windows
anglais,501,courriel,windows
anglais,505,courriel,windows
anglais,490,courriel,windows
anglais,519,courriel,windows
anglais,498,courriel,windows
anglais,507,courriel,windows
anglais,506,courriel,windows
anglais,492,courriel,windows
anglais,517,courriel,windows
anglais,501,courriel,windows
anglais,513,courriel,windows
anglais,493,courriel,windows
anglais,493,courriel,windows
anglais,503,courriel,windows
anglais,486,courriel,windows
anglais,491,courriel,windows
anglais,504,courriel,windows
anglais,494,courriel,windows
anglais,508,courriel,windows
anglais,505,courriel,windows
anglais,507,courriel,windows
anglais,503,courriel,windows
anglais,511,courriel,windows
anglais,506,courriel,windows
anglais,497,courriel,windows
anglais,519,courriel,windows
anglais,492,courriel,windows
anglais,506,courriel,windows
anglais,493,courriel,windows
anglais,494,courriel,windows
anglais,503,courriel,windows
anglais,524,courriel,windows
anglais,509,courriel,windows
anglais,505,courriel,windows
anglais,499,courriel,windows
anglais,509,courriel,windows
anglais,506,courriel,windows
anglais,492,courriel,windows
anglais,486,courriel,windows
anglais,512,courriel,windows
anglais,516,vulnerabilite,windows
anglais,501,vulnerabilite,windows
anglais,501,vulnerabilite,windows
anglais,481,vulnerabilite,windows
anglais,498,vulnerabilite,windows
anglais,493,vulnerabilite,windows
anglais,512,vulnerabilite,windows
anglais,489,vulnerabilite,windows
anglais,481,vulnerabilite,windows
anglais,500,vulnerabilite,windows
anglais,494,vulnerabilite,windows
anglais,487,vulnerabilite,windows
anglais,511,vulnerabilite,windows
anglais,502,vulnerabilite,windows
anglais,504,vulnerabilite,windows
anglais,519,vulnerabilite,windows
anglais,502,vulnerabilite,windows
anglais,509,vulnerabilite,windows
anglais,506,vulnerabilite,windows
anglais,508,vulnerabilite,windows
anglais,508,vulnerabilite,windows
anglais,484,vulnerabilite,windows
anglais,506,vulnerabilite,windows
anglais,495,vulnerabilite,windows
anglais,495,vulnerabilite,windows
anglais,523,vulnerabilite,windows
anglais,494,vulnerabilite,windows
anglais,525,vulnerabilite,windows
anglais,504,vulnerabilite,windows
anglais,498,vulnerabilite,windows
anglais,509,vulnerabilite,windows
anglais,488,vulnerabilite,windows
anglais,514,vulnerabilite,windows
anglais,494,vulnerabilite,windows
anglais,508,vulnerabilite,windows
anglais,500,vulnerabilite,windows
anglais,508,vulnerabilite,windows
anglais,506,vulnerabilite,windows
anglais,504,vulnerabilite,windows
anglais,478,vulnerabilite,windows
anglais,503,vulnerabilite,windows
anglais,500,vulnerabilite,windows
anglais,506,vulnerabilite,windows
anglais,496,vulnerabilite,windows
anglais,504,vulnerabilite,windows
anglais,498,vulnerabilite,windows
anglais,498,vulnerabilite,windows
anglais,494,vulnerabilite,windows
anglais,511,vulnerabilite,windows
anglais,499,vulnerabilite,windows
anglais,492,vulnerabilite,windows
anglais,502,vulnerabilite,windows
anglais,498,vulnerabilite,windows
anglais,513,vulnerabilite,windows
anglais,492,vulnerabilite,windows
anglais,499,vulnerabilite,windows
anglais,494,vulnerabilite,windows
anglais,504,vulnerabilite,windows
anglais,486,vulnerabilite,windows
anglais,514,vulnerabilite,windows
anglais,499,vulnerabilite,windows
anglais,506,vulnerabilite,windows
anglais,493,vulnerabilite,windows
anglais,502,vulnerabilite,windows
anglais,506,vulnerabilite,windows
anglais,492,vulnerabilite,windows
anglais,504,vulnerabilite,windows
anglais,499,vulnerabilite,windows
anglais,480,vulnerabilite,windows
anglais,496,vulnerabilite,windows
anglais,508,vulnerabilite,windows
anglais,513,vulnerabilite,windows
anglais,495,vulnerabilite,windows
anglais,480,vulnerabilite,windows
anglais,509,vulnerabilite,windows
anglais,507,vulnerabilite,windows
anglais,520,vulnerabilite,windows
anglais,503,vulnerabilite,windows
anglais,498,vulnerabilite,windows
anglais,508,vulnerabilite,windows
anglais,508,vulnerabilite,windows
anglais,513,vulnerabilite,windows
anglais,512,vulnerabilite,windows
anglais,498,vulnerabilite,windows
anglais,509,vulnerabilite,windows
anglais,492,vulnerabilite,windows
anglais,506,vulnerabilite,windows
anglais,489,vulnerabilite,windows
anglais,502,vulnerabilite,windows
anglais,496,vulnerabilite,windows
anglais,505,vulnerabilite,mac
anglais,512,vulnerabilite,mac
anglais,505,vulnerabilite,mac
anglais,475,vulnerabilite,mac
anglais,506,vulnerabilite,mac
anglais,493,vulnerabilite,mac
anglais,502,vulnerabilite,mac
anglais,507,vulnerabilite,mac
anglais,476,vulnerabilite,mac
anglais,509,vulnerabilite,mac
anglais,510,vulnerabilite,mac
anglais,502,vulnerabilite,mac
anglais,503,vulnerabilite,mac
anglais,489,vulnerabilite,mac
anglais,494,vulnerabilite,mac
anglais,512,vulnerabilite,mac
anglais,523,vulnerabilite,mac
anglais,499,vulnerabilite,mac
anglais,476,vulnerabilite,mac
anglais,500,vulnerabilite,mac
anglais,483,vulnerabilite,mac
anglais,518,vulnerabilite,mac
anglais,498,vulnerabilite,mac
anglais,494,vulnerabilite,mac
anglais,530,vulnerabilite,mac
anglais,504,vulnerabilite,mac
anglais,509,vulnerabilite,mac
anglais,503,vulnerabilite,mac
anglais,519,vulnerabilite,mac
anglais,497,vulnerabilite,mac
anglais,496,vulnerabilite,mac
anglais,491,vulnerabilite,mac
anglais,501,vulnerabilite,mac
anglais,499,vulnerabilite,mac
anglais,505,vulnerabilite,mac
anglais,479,vulnerabilite,mac
anglais,507,vulnerabilite,mac
anglais,504,vulnerabilite,mac
anglais,497,vulnerabilite,mac
anglais,506,vulnerabilite,mac
anglais,511,vulnerabilite,mac
anglais,510,vulnerabilite,mac
anglais,498,vulnerabilite,mac
anglais,509,vulnerabilite,mac
anglais,500,vulnerabilite,mac
anglais,512,vulnerabilite,mac
anglais,507,vulnerabilite,mac
anglais,516,vulnerabilite,mac
anglais,481,vulnerabilite,mac
anglais,486,vulnerabilite,mac
anglais,503,vulnerabilite,mac
anglais,498,vulnerabilite,mac
anglais,502,vulnerabilite,mac
anglais,496,vulnerabilite,mac
anglais,507,vulnerabilite,mac
anglais,494,vulnerabilite,mac
anglais,489,vulnerabilite,mac
anglais,497,vulnerabilite,mac
anglais,496,vulnerabilite,mac
anglais,490,vulnerabilite,mac
anglais,499,vulnerabilite,mac
anglais,490,vulnerabilite,mac
anglais,499,vulnerabilite,mac
anglais,497,vulnerabilite,mac
anglais,513,vulnerabilite,mac
anglais,476,vulnerabilite,mac
anglais,504,vulnerabilite,mac
anglais,515,vulnerabilite,mac
anglais,496,vulnerabilite,mac
anglais,492,vulnerabilite,mac
anglais,482,vulnerabilite,mac
anglais,483,vulnerabilite,mac
anglais,483,vulnerabilite,mac
anglais,496,vulnerabilite,mac
anglais,501,vulnerabilite,mac
anglais,501,vulnerabilite,mac
anglais,508,vulnerabilite,mac
anglais,493,vulnerabilite,mac
anglais,497,vulnerabilite,mac
anglais,500,vulnerabilite,mac
anglais,500,vulnerabilite,mac
anglais,492,vulnerabilite,windows
anglais,509,vulnerabilite,windows
anglais,497,vulnerabilite,windows
anglais,504,vulnerabilite,windows
anglais,506,vulnerabilite,windows
anglais,487,vulnerabilite,windows
anglais,484,vulnerabilite,windows
anglais,489,vulnerabilite,windows
anglais,503,vulnerabilite,windows
anglais,501,vulnerabilite,windows
anglais,489,vulnerabilite,windows
anglais,527,vulnerabilite,windows
anglais,505,vulnerabilite,windows
anglais,497,vulnerabilite,windows
anglais,513,vulnerabilite,windows
anglais,510,vulnerabilite,windows
anglais,489,vulnerabilite,windows
anglais,519,vulnerabilite,windows
anglais,502,vulnerabilite,windows
anglais,506,vulnerabilite,windows
anglais,497,vulnerabilite,windows
anglais,502,vulnerabilite,windows
anglais,522,vulnerabilite,windows
anglais,500,vulnerabilite,windows
anglais,511,vulnerabilite,windows
anglais,503,vulnerabilite,windows
anglais,500,vulnerabilite,windows
anglais,493,vulnerabilite,windows
anglais,479,vulnerabilite,windows
anglais,498,vulnerabilite,windows
anglais,477,vulnerabilite,windows
anglais,485,vulnerabilite,windows
anglais,516,vulnerabilite,windows
anglais,506,vulnerabilite,windows
anglais,517,vulnerabilite,windows
anglais,501,vulnerabilite,windows
anglais,525,vulnerabilite,windows
anglais,499,vulnerabilite,windows
anglais,509,vulnerabilite,windows
anglais,491,vulnerabilite,windows
anglais,502,vulnerabilite,windows
anglais,489,vulnerabilite,windows
anglais,492,vulnerabilite,windows
anglais,489,vulnerabilite,windows
anglais,494,vulnerabilite,windows
anglais,495,vulnerabilite,windows
anglais,492,vulnerabilite,windows
anglais,500,vulnerabilite,windows
anglais,509,vulnerabilite,windows
anglais,508,vulnerabilite,windows
anglais,481,vulnerabilite,windows
anglais,490,vulnerabilite,windows
anglais,516,vulnerabilite,windows
anglais,508,vulnerabilite,windows
anglais,503,vulnerabilite,windows
anglais,516,mot_de_passe,windows
anglais,502,mot_de_passe,windows
anglais,519,mot_de_passe,windows
anglais,511,mot_de_passe,windows
anglais,503,mot_de_passe,windows
anglais,510,mot_de_passe,windows
anglais,497,mot_de_passe,windows
anglais,513,mot_de_passe,windows
anglais,496,mot_de_passe,windows
anglais,505,mot_de_passe,windows
anglais,510,mot_de_passe,windows
anglais,497,mot_de_passe,windows
anglais,490,mot_de_passe,windows
anglais,490,mot_de_passe,windows
anglais,482,mot_de_passe,windows
anglais,501,mot_de_passe,windows
anglais,488,mot_de_passe,windows
anglais,498,mot_de_passe,windows
anglais,482,mot_de_passe,windows
anglais,509,mot_de_passe,windows
anglais,492,mot_de_passe,windows
anglais,504,mot_de_passe,windows
anglais,484,mot_de_passe,windows
anglais,506,mot_de_passe,windows
anglais,499,mot_de_passe,windows
anglais,504,mot_de_passe,windows
anglais,513,mot_de_passe,windows
anglais,494,mot_de_passe,windows
anglais,502,mot_de_passe,windows
anglais,486,mot_de_passe,windows
anglais,502,mot_de_passe,windows
anglais,527,mot_de_passe,windows
anglais,496,mot_de_passe,windows
anglais,482,mot_de_passe,windows
anglais,498,mot_de_passe,windows
anglais,505,mot_de_passe,windows
anglais,501,mot_de_passe,mac
anglais,507,mot_de_passe,mac
anglais,513,mot_de_passe,mac
anglais,495,mot_de_passe,mac
anglais,497,mot_de_passe,mac
anglais,501,mot_de_passe,mac
anglais,490,mot_de_passe,mac
